X,Y,OBJECTID,ABCDMisc,ADSPermissionState,CalculatedAcres,ContainmentDateTime,ControlDateTime,CreatedOnDateTime,DailyAcres,DiscoveryAcres,DispatchCenterID,FinalFireReportApprovedByTitle,FinalFireReportApprovedByUnit,FinalFireReportApprovedDate,FireBehaviorGeneral,FireBehaviorGeneral1,FireBehaviorGeneral2,FireBehaviorGeneral3,FireCause,FireCauseGeneral,FireCauseSpecific,FireCode,FireDepartmentID,FireDiscoveryDateTime,FireMgmtComplexity,FireOutDateTime,FireStrategyConfinePercent,FireStrategyFullSuppPercent,FireStrategyMonitorPercent,FireStrategyPointZonePercent,FSJobCode,FSOverrideCode,GACC,ICS209ReportDateTime,ICS209ReportForTimePeriodFrom,ICS209ReportForTimePeriodTo,ICS209ReportStatus,IncidentManagementOrganization,IncidentName,IncidentShortDescription,IncidentTypeCategory,IncidentTypeKind,InitialLatitude,InitialLongitude,InitialResponseAcres,InitialResponseDateTime,IrwinID,IsFireCauseInvestigated,IsFireCodeRequested,IsFSAssisted,IsMultiJurisdictional,IsQuarantined,IsReimbursable,IsTrespass,IsUnifiedCommand,IsValid,LocalIncidentIdentifier,ModifiedOnDateTime,PercentContained,PercentPerimeterToBeContained,POOCity,POOCounty,POODispatchCenterID,POOFips,POOJurisdictionalAgency,POOJurisdictionalUnit,POOJurisdictionalUnitParentUnit,POOLandownerCategory,POOLandownerKind,POOLegalDescPrincipalMeridian,POOLegalDescQtr,POOLegalDescQtrQtr,POOLegalDescRange,POOLegalDescSection,POOLegalDescTownship,POOPredictiveServiceAreaID,POOProtectingAgency,POOProtectingUnit,POOState,PredominantFuelGroup,PredominantFuelModel,PrimaryFuelModel,SecondaryFuelModel,TotalIncidentPersonnel,UniqueFireIdentifier,WFDSSDecisionStatus,CreatedBySystem,ModifiedBySystem,CreatedOn,ModifiedOn,IsDispatchComplete,OrganizationalAssessment,StrategicDecisionPublishDate,GlobalID,ModifiedOnDateTime_dt,CreatedOnDateTime_dt
-107.502010648,39.499706211,5808,,DEFAULT,,,,1598230587660,,,,,,,,,,,,,,H79U,,2014/07/13 18:13:00,,,,,,,,,RMCC,,,,,,DRY HOLLOW,,WF,FI,,,,,{D273A3B0-0F70-47C2-8D53-6D2D10B17ACE},,0,1,0,0,0,0,,1,000171,1610569098123,,,,Garfield,,08045,,,,,,,,,,,,,,COGFX,US-CO,,,,,,2014-COGFX-000171,,wildcad,wildcad,2014/07/13 17:50:08,2014/07/15 14:35:22,,,,{00EB2772-E800-44CA-BF44-5C380FACB04F},2021/01/13 20:18:18,2020/08/24 00:56:27
-78.681208,38.507092,115709,,DEFAULT,,,,1555767913520,1,1,VAVIC,,,,,,,,Unknown,,,,,2019/03/23 12:37:09,,,,,,,,,SACC,,,,,,Cub Run RX,,RX,FI,38.507092,-78.681208,,,{4869C90D-A42F-4FD5-8897-A6DC67E29C14},,0,0,0,0,0,0,,1,190076,1610560120090,,,,Page,VAVIC,51139,FS,VAVAF,,,,,,,,,,SA28B,FS,VAVAF,US-VA,,,,,,2019-VAVAF-190076,No Decision,wildcad,wildcad,2019/04/20 13:45:13,2019/04/20 13:45:13,,,,{7B1584F4-D034-467A-A32C-3F574208C363},2021/01/13 17:48:40,2019/04/20 13:45:13
-79.24193,38.46541,115710,,DEFAULT,,,,1555768471327,1,1,VAVIC,,,,,,,,Unknown,,,,,2019/04/20 13:37:33,,,,,,,,,SACC,,,,,, New Road Run RX,,RX,FI,38.46541,-79.24193,,,{A23D35B0-6FC2-4B27-A1E8-83DC97737A1F},,0,0,0,0,0,0,,1,190100,1610559274587,,,,Augusta,VAVIC,51015,FS,VAVAF,,,,,,,,,,SA28B,FS,VAVAF,US-VA,,,,,,2019-VAVAF-190100,No Decision,wildcad,wildcad,2019/04/20 13:54:31,2019/04/20 13:54:31,,,,{3BBB1F6B-6D82-47A0-842E-31B62DDEF339},2021/01/13 17:34:34,2019/04/20 13:54:31
-79.76254,38.03065,115712,,DEFAULT,,,,1555771528903,1,1,VAVIC,,,,,,,,Unknown,,,,,2019/02/26 13:47:00,,,,,,,,,SACC,,,,,,Middle Mountain RX,,RX,FI,38.03065,-79.76254,,,{C4C3D7F8-A113-4D80-9F18-652334117735},,0,0,0,0,0,0,,1,190044,1610559883290,,,,Bath,VAVIC,51017,FS,VAVAF,,,,,,,,,,SA28B,FS,VAVAF,US-VA,,,,,,2019-VAVAF-190044,No Decision,wildcad,wildcad,2019/04/20 14:45:28,2019/04/20 14:45:28,,,,{1258D497-19B5-4371-B637-2A69A58117FE},2021/01/13 17:44:43,2019/04/20 14:45:28
-80.332389,37.340556,115714,,DEFAULT,,,,1555774491800,1,1,VAVIC,,,,,,,,Unknown,,,,,2019/03/20 15:17:13,,,,,,,,,SACC,,,,,,Upper Craig Creek RX,,RX,FI,37.340556,-80.332389,,,{51B85734-E5D5-4B4F-AF46-9A49B9D5B2DE},,0,0,0,0,0,0,,1,190072,1610560098190,,,,Montgomery,VAVIC,51121,FS,VAVAF,,,,,,,,,,SA28B,FS,VAVAF,US-VA,,,,,,2019-VAVAF-190072,No Decision,wildcad,wildcad,2019/04/20 15:34:51,2019/04/23 12:56:00,,,,{0B4074C7-E53A-4576-ACD2-6EDAF3A876D6},2021/01/13 17:48:18,2019/04/20 15:34:51
-80.07278,37.66018,115898,,DEFAULT,,,,1555955301517,1,1,VAVIC,,,,,,,,Unknown,,,,,2019/04/18 15:40:24,,,,,,,,,SACC,,,,,,Childrens Forest Admin Burn,,RX,FI,37.66018,-80.07278,,,{051D17F8-9CA0-45AF-AD34-8989FE0D33AF},,0,0,0,0,0,0,,1,190098,1610559265843,,,,Alleghany,VAVIC,51005,FS,VAVAF,,,,,,,,,,SA28B,FS,VAVAF,US-VA,,,,,,2019-VAVAF-190098,No Decision,wildcad,wildcad,2019/04/22 17:48:21,2019/04/22 17:54:30,,,,{C78A7864-8BF1-499B-9FD7-725A52D4C64F},2021/01/13 17:34:25,2019/04/22 17:48:21
-82.44709,36.89963,116046,,DEFAULT,,,,1556034238640,1,1,VAVIC,,,,,,,,Unknown,,,,,2019/03/11 12:44:07,,,,,,,,,SACC,,,,,,Flatwoods RX,,RX,FI,36.89645,-82.4375,,,{C2EA9798-F629-4C15-AEAF-D8B6CB672464},,0,0,0,0,0,0,,1,190053,1610560009060,,,,Wise,VAVIC,51195,FS,VAVAF,,,,,,,,,,SA28A,FS,VAVAF,US-VA,,,,,,2019-VAVAF-190053,No Decision,wildcad,wildcad,2019/04/23 15:43:58,2019/04/24 11:48:36,,,,{F4FCF887-A625-40C9-B38D-C551E6A8F106},2021/01/13 17:46:49,2019/04/23 15:43:58
-81.32378,36.83574,116683,,DEFAULT,,,,1556730753820,1,1,VAVIC,,,,,,,,Unknown,,,,,2019/03/22 13:27:30,,,,,,,,,SACC,,,,,,Glade Mountain RX,,RX,FI,36.83574,-81.32378,,,{D3297DD2-FC0D-4B4A-A109-5478709D90C0},,0,0,0,0,0,0,,1,190075,1610560110567,,,,Smyth,VAVIC,51173,FS,VAVAF,,,,,,,,,,SA28A,FS,VAVAF,US-VA,,,,,,2019-VAVAF-190075,No Decision,wildcad,wildcad,2019/05/01 17:12:33,2019/12/19 18:06:01,0,,,{F6B1B0C4-A60E-454A-851B-8FA71BDF71CE},2021/01/13 17:48:30,2019/05/01 17:12:33
-79.1581,37.93304,116788,,DEFAULT,,,,1556798581103,1,1,VAVIC,,,,,,,,Unknown,,,,,2019/04/04 13:06:53,,,,,,,,,SACC,,,,,,Mount Joy RX - DCR,,RX,FI,37.93304,-79.1581,,,{252FE84F-F4E0-490A-A3D3-44BAE1779BC3},,0,0,0,0,0,0,,1,190089,1610559469827,,,,Augusta,VAVIC,51015,DOF,VAVAS,,,,,,,,,,SA28B,,VAVIC,US-VA,,,,,,2019-VAVIC-190089,No Decision,wildcad,wildcad,2019/05/02 12:03:01,2019/05/02 12:03:01,0,,,{CB5CA89B-BED6-471D-A355-3CC6BA9C7C65},2021/01/13 17:37:49,2019/05/02 12:03:01
-82.6656,37.07151,116905,,DEFAULT,,,,1556895239197,1,1,VAVIC,,,,,,,,Unknown,,,,,2019/04/27 13:45:50,,,,,,,,,SACC,,,,,,North Fork RX,,RX,FI,37.07151,-82.6656,,,{140B87FB-C3A4-488D-91D4-3F387064F4E0},,0,0,0,0,0,0,,1,190103,1610559271037,,,,Wise,VAVIC,51195,DOF,VAVAS,,,,,,,,,,SA28A,FS,VAVAF,US-VA,,,,,,2019-VAVAF-190103,No Decision,wildcad,wildcad,2019/05/03 14:53:59,2019/05/03 14:53:59,0,,,{782AC5FA-5034-44D6-A268-EF08BE1059C8},2021/01/13 17:34:31,2019/05/03 14:53:59
-81.31,36.766389,116936,,DEFAULT,,,,1556907701387,1,1,VAVIC,,,,,,,,Unknown,,,,,2019/03/14 12:36:11,,,,,,,,,SACC,,,,,,Snake Den RX,,RX,FI,36.76553,-81.39655,,,{237F86E6-D74F-46B0-949A-B9219FF3DF7D},,0,0,0,0,0,0,,1,190058,1610560051663,,,,Smyth,VAVIC,51173,FS,VAVAF,,,,,,,,,,SA28A,FS,VAVAF,US-VA,,,,,,2019-VAVAF-190058,No Decision,wildcad,wildcad,2019/05/03 18:21:41,2019/05/03 18:21:41,0,,,{A79FEE9F-77F5-455B-838F-D1C2978A7F6C},2021/01/13 17:47:31,2019/05/03 18:21:41
-79.65225,37.8976,117074,,DEFAULT,,,,1557067096860,1,1,VAVIC,,,,,,,,Unknown,,,,,2019/03/16 13:40:06,,,,,,,,,SACC,,,,,,Orebank RX,,RX,FI,37.8976,-79.65225,,,{4C62AD4F-ACB6-4A76-B8FF-0E33DCCDAA73},,0,0,0,0,0,0,,1,190062,1610560069630,,,,Bath,VAVIC,51017,FS,VAVAF,,,,,,,,,,SA28B,FS,VAVAF,US-VA,,,,,,2019-VAVAF-190062,No Decision,wildcad,wildcad,2019/05/05 14:38:16,2019/05/05 14:38:16,0,,,{4C5E7B24-E11C-4791-8692-65861AB6BFF2},2021/01/13 17:47:49,2019/05/05 14:38:16
-79.7805,37.956083,117660,,DEFAULT,,,,1557504574833,1,1,VAVIC,,,,,,,,Unknown,,,,,2019/03/24 14:50:44,,,,,,,,,SACC,,,,,,Brushy Mountain RX,,RX,FI,37.956083,-79.7805,,,{F520E816-6D81-4EDB-B1B3-DDB2B4D9BC6E},,0,0,0,0,0,0,,1,190078,1610559413457,,,,Bath,VAVIC,51017,FS,VAVAF,,,,,,,,,,SA28B,FS,VAVAF,US-VA,,,,,,2019-VAVAF-190078,No Decision,wildcad,wildcad,2019/05/10 16:09:34,2019/05/10 16:09:34,0,,,{DD56A226-E525-4050-9FEA-F0852001761D},2021/01/13 17:36:53,2019/05/10 16:09:34
-78.44197,38.51514,118345,,DEFAULT,,,,1558124871203,1,1,VAVIC,,,,,,,,Unknown,,,,,2019/04/11 11:31:05,,,,,,,,,SACC,,,,,,Big Meadows,,RX,FI,38.51514,-78.44197,,,{3CD650F8-D724-4B1E-9FFB-301C091FA46B},,0,0,0,0,0,0,,1,190097,1610559489977,,,,Page,VAVIC,51139,NPS,VASHP,,,,,,,,,,SA28B,NPS,VASHP,US-VA,,,,,,2019-VASHP-190097,No Decision,wildcad,wildcad,2019/05/17 20:27:51,2019/05/17 20:27:51,0,,,{8119723C-DB86-46B9-86F5-F3D3D7410193},2021/01/13 17:38:09,2019/05/17 20:27:51
-80.20985,37.39994,118346,,DEFAULT,,,,1558124912007,1,1,VAVIC,,,,,,,,Unknown,,,,,2019/04/04 17:51:11,,,,,,,,,SACC,,,,,,VDOF RX 4-4-2019,,RX,FI,37.39994,-80.20985,,,{C3AA75DD-9754-4A9A-83A3-CA08315D57B0},,0,0,0,0,0,0,,1,190091,1610559485700,,,,Craig,VAVIC,51045,DOF,VAVAS,,,,,,,,,,SA28B,DOF,VAVAS,US-VA,,,,,,2019-VAVAS-190091,No Decision,wildcad,wildcad,2019/05/17 20:28:32,2019/05/17 20:28:32,0,,,{01B3E788-8414-4409-8370-6474B234736C},2021/01/13 17:38:05,2019/05/17 20:28:32
-79.78108,37.98003,118347,,DEFAULT,,,,1558125125560,1,1,VAVIC,,,,,,,,Unknown,,,,,2019/04/03 14:10:39,,,,,,,,,SACC,,,,,,Porters Mill RX,,RX,FI,37.98003,-79.78108,,,{AEDA2839-EB1D-4E16-AD22-F4CC50CE258B},,0,0,0,0,0,0,,1,190088,1610559431607,,,,Bath,VAVIC,51017,FS,VAVAF,,,,,,,,,,SA28B,FS,VAVAF,US-VA,,,,,,2019-VAVAF-190088,No Decision,wildcad,wildcad,2019/05/17 20:32:05,2019/05/17 20:32:05,0,,,{42E86E6D-C015-484B-AEF4-5FB6D7D9EB4D},2021/01/13 17:37:11,2019/05/17 20:32:05
-79.98264,37.72324,119233,,DEFAULT,,,,1559306573183,1,1,VAVIC,,,,,,,,Unknown,,,,,2016/10/25 12:51:52,,,,,,,,,SACC,,,,,,Middle Mountain RX,,RX,FI,37.72324,-79.98264,,,{ADD47DDD-C356-4E2D-A074-06B4D035C0EB},,0,0,0,0,0,0,,1,000241,1610554878877,,,,Alleghany,VAVIC,51005,DOF,VAVAS,,,,,,,,,,SA28B,FS,VAVAF,US-VA,,,,,,2016-VAVAF-000241,No Decision,wildcad,wildcad,2019/05/31 12:42:53,2019/05/31 12:42:53,0,,,{00CEB9FF-BBD0-49DC-A2BD-C2A9BF582804},2021/01/13 16:21:18,2019/05/31 12:42:53
-78.5633,38.68864,119234,,DEFAULT,,,,1559307235983,1,1,VAVIC,,,,,,,,Unknown,,,,,2016/04/25 12:17:57,,,,,,,,,SACC,,,,,,Catback RX,,RX,FI,38.68864,-78.5633,,,{83D7E69C-A800-4CA8-9378-9A2F36DFFDD1},,0,0,0,0,0,0,,1,000117,1610554887620,,,,Page,VAVIC,51139,FS,VAVAF,,,,,,,,,,SA28B,FS,VAVAF,US-VA,,,,,,2016-VAVAF-000117,No Decision,wildcad,wildcad,2019/05/31 12:53:55,2019/05/31 12:53:55,0,,,{B862662E-819C-4AB3-ACD1-93EFBAA98D71},2021/01/13 16:21:27,2019/05/31 12:53:55
-79.16313,38.62911,119235,,DEFAULT,,,,1559307248520,1,1,VAVIC,,,,,,,,Unknown,,,,,2016/04/23 14:07:52,,,,,,,,,SACC,,,,,,Hall Springs RX,,RX,FI,38.62911,-79.16313,,,{60458959-4781-40BE-A70F-30CBEE691E56},,0,0,0,0,0,0,,1,000116,1610554884240,,,,Pendleton,VAVIC,54071,FS,VAVAF,,,,,,,,,,SA28B,FS,VAVAF,US-WV,,,,,,2016-VAVAF-000116,No Decision,wildcad,wildcad,2019/05/31 12:54:08,2019/05/31 12:54:08,0,,,{49917758-AA57-42CA-B54A-77BBB1E7CDCD},2021/01/13 16:21:24,2019/05/31 12:54:08
-80.328499,37.101601,119236,,DEFAULT,,,,1559307265810,1,1,VAVIC,,,,,,,,Unknown,,,,,2016/04/14 19:01:38,,,,,,,,,SACC,,,,,,Mud Dam RX,,RX,FI,37.101601,-80.328499,,,{EFDFA683-2353-422D-A476-7779CBCC1C34},,0,0,0,0,0,0,,1,000074,1610555035233,,,,Montgomery,VAVIC,51121,DOF,VAVAS,,,,,,,,,,SA28B,FS,VAVAF,US-VA,,,,,,2016-VAVAF-000074,No Decision,wildcad,wildcad,2019/05/31 12:54:25,2019/05/31 12:54:25,0,,,{2DB9AFD7-C8C2-498A-AD1F-5C4D85EDEA85},2021/01/13 16:23:55,2019/05/31 12:54:25
-80.564697,37.426899,119238,,DEFAULT,,,,1559308019630,1,1,VAVIC,,,,,,,,Unknown,,,,,2016/04/11 17:50:29,,,,,,,,,SACC,,,,,,Kelly Flats,,RX,FI,37.426899,-80.564697,,,{3EF1657D-FEBF-4396-9ABB-639E48960F97},,0,0,0,0,0,0,,1,000069,1610555028413,,,,Giles,VAVIC,51071,FS,VAVAF,,,,,,,,,,SA28B,FS,VAVAF,US-VA,,,,,,2016-VAVAF-000069,No Decision,wildcad,wildcad,2019/05/31 13:06:59,2019/05/31 13:06:59,0,,,{84285694-86C7-4465-9C2D-97C6BDC2E012},2021/01/13 16:23:48,2019/05/31 13:06:59
-82.441597,36.8978,119239,,DEFAULT,,,,1559308063207,1,1,VAVIC,,,,,,,,Unknown,,,,,2016/04/09 13:32:23,,,,,,,,,SACC,,,,,,Selcer Branch RX,,RX,FI,36.8978,-82.441597,,,{A3A3FAD8-E116-48CD-A79D-B84F3DFD4093},,0,0,0,0,0,0,,1,000065,1610555020370,,,,Wise,VAVIC,51195,FS,VAVAF,,,,,,,,,,SA28A,FS,VAVAF,US-VA,,,,,,2016-VAVAF-000065,No Decision,wildcad,wildcad,2019/05/31 13:07:43,2019/05/31 13:07:43,0,,,{D551117E-ED36-4A1B-B5E8-3E7C2EF15667},2021/01/13 16:23:40,2019/05/31 13:07:43
-81.323997,36.8358,119240,,DEFAULT,,,,1559308072107,1,1,VAVIC,,,,,,,,Unknown,,,,,2016/04/08 14:59:04,,,,,,,,,SACC,,,,,,Glade Mountain RX,,RX,FI,36.8358,-81.323997,,,{DD9840B1-955C-4DC7-A8C5-27CD0D34C304},,0,0,0,0,0,0,,1,000063,1610554982720,,,,Smyth,VAVIC,51173,FS,VAVAF,,,,,,,,,,SA28A,FS,VAVAF,US-VA,,,,,,2016-VAVAF-000063,No Decision,wildcad,wildcad,2019/05/31 13:07:52,2019/05/31 13:07:52,0,,,{C5367382-59DC-4587-ABB5-8039D4A9F39B},2021/01/13 16:23:02,2019/05/31 13:07:52
-79.199997,37.75,119250,,DEFAULT,,,,1559308447987,1,1,VAVIC,,,,,,,,Unknown,,,,,2016/03/09 14:42:40,,,,,,,,,SACC,,,,,,Cole Mountain Rx,,RX,FI,37.75,-79.199997,,,{0CFDE423-14A5-45B5-AC6D-1E096DD2DA7C},,0,0,0,0,0,0,,1,000021,1610554906063,,,,Amherst,VAVIC,51009,FS,VAVAF,,,,,,,,,,SA29,FS,VAVAF,US-VA,,,,,,2016-VAVAF-000021,No Decision,wildcad,wildcad,2019/05/31 13:14:07,2019/05/31 13:14:07,0,,,{E8F8C62F-785A-43A6-AAD9-304006031195},2021/01/13 16:21:46,2019/05/31 13:14:07
-79.806999,38.140999,119251,,DEFAULT,,,,1559308717840,1,1,VAVIC,,,,,,,,Unknown,,,,,2016/03/09 14:28:09,,,,,,,,,SACC,,,,,,Little Neal Rx,,RX,FI,38.140999,-79.806999,,,{0B080AF4-3799-4C86-B6AA-C302312F91E7},,0,0,0,0,0,0,,1,000019,1610554892780,,,,Bath,VAVIC,51017,FS,VAVAF,,,,,,,,,,SA28B,FS,VAVAF,US-VA,,,,,,2016-VAVAF-000019,No Decision,wildcad,wildcad,2019/05/31 13:18:37,2019/05/31 13:18:37,0,,,{AD3CE5A2-F28F-407C-9C77-3ACD7410F403},2021/01/13 16:21:32,2019/05/31 13:18:37
-79.639999,37.936001,119252,,DEFAULT,,,,1559308754873,1,1,VAVIC,,,,,,,,Unknown,,,,,2016/03/09 14:23:20,,,,,,,,,SACC,,,,,,North Short Mountain Rx,,RX,FI,37.936001,-79.639999,,,{27E24605-AD34-4AD2-AE32-CFAA8E0677EF},,0,0,0,0,0,0,,1,000018,1610554975240,,,,Bath,VAVIC,51017,FS,VAVAF,,,,,,,,,,SA28B,FS,VAVAF,US-VA,,,,,,2016-VAVAF-000018,No Decision,wildcad,wildcad,2019/05/31 13:19:14,2019/05/31 13:19:14,0,,,{7BE0A0B0-A834-479F-B5BF-92CD5509B2BB},2021/01/13 16:22:55,2019/05/31 13:19:14
-79.705002,37.958,119253,,DEFAULT,,,,1559309138707,1,1,VAVIC,,,,,,,,Unknown,,,,,2016/03/09 14:19:40,,,,,,,,,SACC,,,,,,Walton Tract Rx,,RX,FI,37.958,-79.705002,,,{872F09D2-9A82-45C3-9F0D-DDA293F57578},,0,0,0,0,0,0,,1,000017,1610554967370,,,,Bath,VAVIC,51017,FS,VAVAF,,,,,,,,,,SA28B,FS,VAVAF,US-VA,,,,,,2016-VAVAF-000017,No Decision,wildcad,wildcad,2019/05/31 13:25:38,2019/05/31 13:25:38,0,,,{9D181866-48DC-4E7B-B3A0-BC9D4D993B8B},2021/01/13 16:22:47,2019/05/31 13:25:38
-80.535202,37.428902,119254,,DEFAULT,,,,1559309177913,1,1,VAVIC,,,,,,,,Unknown,,,,,2016/03/09 14:16:51,,,,,,,,,SACC,,,,,,Rocky Mountain West Rx,,RX,FI,37.428902,-80.535202,,,{ADF3DD88-2E93-4627-94DF-F102A9BD0992},,0,0,0,0,0,0,,1,000016,1610554963300,,,,Giles,VAVIC,51071,FS,VAVAF,,,,,,,,,,SA28B,FS,VAVAF,US-VA,,,,,,2016-VAVAF-000016,No Decision,wildcad,wildcad,2019/05/31 13:26:17,2019/05/31 13:26:17,0,,,{B25EC536-6FA7-4104-8EC5-726EF044B65E},2021/01/13 16:22:43,2019/05/31 13:26:17
-78.709396,39.016701,119255,,DEFAULT,,,,1559309191237,1,1,VAVIC,,,,,,,,Unknown,,,,,2016/03/09 14:15:40,,,,,,,,,SACC,,,,,,Buck Mountain Rx,,RX,FI,39.016701,-78.709396,,,{51FFC3DB-5F76-448F-90EB-C0ACCC8CCD08},,0,0,0,0,0,0,,1,000015,1610554955380,,,,Hardy,VAVIC,54031,FS,VAVAF,,,,,,,,,,SA28B,FS,VAVAF,US-WV,,,,,,2016-VAVAF-000015,No Decision,wildcad,wildcad,2019/05/31 13:26:31,2019/05/31 13:26:31,0,,,{85C5D43F-3E84-4C73-8C7F-3D976F4DEF9E},2021/01/13 16:22:35,2019/05/31 13:26:31
-78.72166,39.00351,119497,,DEFAULT,,,,1559572797013,1,1,VAVIC,,,,,,,,Unknown,,,,,2019/03/16 18:41:41,,,,,,,,,SACC,,,,,,Buck Mountain RX,,RX,FI,39.00351,-78.72166,,,{D2982906-4979-476E-8B4F-D7A01FCA47C7},,0,0,0,0,0,0,,1,190063,1610560077697,,,,Hardy,VAVIC,54031,FS,VAVAF,,,,,,,,,,SA28B,FS,VAVAF,US-WV,,,,,,2019-VAVAF-190063,No Decision,wildcad,wildcad,2019/06/03 14:39:57,2019/06/03 14:39:57,0,,,{1FEB66B8-9A91-482B-BFA4-4240BF4DCD9A},2021/01/13 17:47:57,2019/06/03 14:39:57
-80.119693,37.579,121937,,DEFAULT,,,,1561466005537,280,1,VAVIC,,,,,,,,Unknown,,,,,2019/02/19 17:33:42,,,,,,,,,SACC,,,,,,Powderhouse RX,,RX,FI,37.579,-80.119693,,,{3E1694D7-9A4E-47D8-8577-DFD6AF350EE6},,0,0,0,0,0,0,,1,190040,1610563391440,,,,Craig,VAVIC,51045,FS,VAVAF,,,,,,,,,,SA28B,FS,VAVAF,US-VA,,,,,,2019-VAVAF-190040,No Decision,wildcad,wildcad,2019/06/25 12:33:25,2019/06/25 12:33:25,0,,,{38FEE722-BF7B-43C8-AD80-624D76A8B4FC},2021/01/13 18:43:11,2019/06/25 12:33:25
-79.82086,38.14325,124630,,DEFAULT,,,,1563046683097,1,1,VAVIC,,,,,,,,Unknown,,,,,2019/03/13 12:34:32,,,,,,,,,SACC,,,,,,Little Neal/Neal Run RX,,RX,FI,38.14325,-79.82086,,,{324E2A2E-A41F-4B65-9EEF-EE2A02ED8BDF},,0,0,0,0,0,0,,1,190055,1610560049220,,,,Bath,VAVIC,51017,FS,VAVAF,,,,,,,,,,SA28B,FS,VAVAF,US-VA,,,,,,2019-VAVAF-190055,No Decision,wildcad,wildcad,2019/07/13 19:38:03,2019/07/13 19:38:04,0,,,{9DA577E3-EE4B-4391-983C-354A831E9B9B},2021/01/13 17:47:29,2019/07/13 19:38:03
-111.899,46.44111,130874,,DEFAULT,,,,1565967891813,74,1,MTHDC,,,,,,,,Unknown,,,,,2019/01/29 16:04:56,,,,,,,,,NRCC,,,,,,Willard Piles,,RX,FI,46.44111,-111.899,,,{77129D7E-437E-435A-8A44-C732E730C884},,0,0,0,0,0,0,,1,000008,1609955308600,,,,Jefferson,MTHDC,30043,,MTHNF,,,,,,,,,,NR11,FS,MTHLF,US-MT,,,,,,2019-MTHLF-000008,No Decision,wildcad,wildcad,2019/08/16 15:04:51,2019/12/19 18:52:50,0,,,{ADBE6C8F-1EDE-427A-B35F-9F4DE5466D6F},2021/01/06 17:48:28,2019/08/16 15:04:51
-79.63949,37.93579,132000,,DEFAULT,,,,1566671251367,1,1,VAVIC,,,,,,,,Unknown,,,,,2019/03/16 11:58:40,,,,,,,,,SACC,,,,,,North Short RX,,RX,FI,37.93579,-79.63949,,,{5C12BE3C-0820-4A18-B502-13B28271F2BD},,0,0,0,0,0,0,,1,190061,1610560057397,,,,Bath,VAVIC,51017,FS,VAVAF,,,,,,,,,,SA28B,FS,VAVAF,US-VA,,,,,,2019-VAVAF-190061,No Decision,wildcad,wildcad,2019/08/24 18:27:31,2019/08/24 18:27:31,0,,,{6934BFDB-AC68-4FB1-A231-A582B82B718C},2021/01/13 17:47:37,2019/08/24 18:27:31
-79.59094,38.15122,133732,,DEFAULT,,,,1567609403270,1,1,VAVIC,,,,,,,,Unknown,,,,,2019/03/19 11:18:25,,,,,,,,,SACC,,,,,,Rail Hollow RX,,RX,FI,38.15122,-79.59094,,,{63DD839E-2A51-4FB6-95BF-927323B444A2},,0,0,0,0,0,0,,1,190065,1610560086270,,,,Bath,VAVIC,51017,FS,VAVAF,,,,,,,,,,SA28B,FS,VAVAF,US-VA,,,,,,2019-VAVAF-190065,No Decision,wildcad,wildcad,2019/09/04 15:03:23,2019/09/04 15:03:35,0,,,{50E92BBE-7DCE-41E7-B4D1-4CD6CA387830},2021/01/13 17:48:06,2019/09/04 15:03:23
-78.620367,39.0147,137272,,DEFAULT,,,,1569937677100,1,1,VAVIC,,,,,,,,Unknown,,,,,2019/10/01 13:27:30,,,,,,,,,SACC,,,,,,Waites Run RX,,RX,FI,39.0147,-78.620367,,,{25E61189-7172-4120-AA4D-D7BCA7430DEC},,0,0,0,0,0,0,,1,190163,1610559281440,,,,Hardy,VAVIC,54031,FS,VAVAF,,,,,,,,,,SA28B,FS,VAVAF,US-WV,,,,,,2019-VAVAF-190163,No Decision,wildcad,wildcad,2019/10/01 13:47:57,2019/11/14 16:53:08,0,,,{864A56C9-5AD3-49BB-920A-CF3012229E99},2021/01/13 17:34:41,2019/10/01 13:47:57
-80.2354,37.53444,138154,,DEFAULT,,,,1570629326123,1,1,VAVIC,,,,,,,,Unknown,,,,,2019/10/09 13:54:44,,,,,,,,,SACC,,,,,,Potts Mountain RX,,RX,FI,37.53444,-80.2354,,,{2CB770A2-F403-425B-BA49-DE878D9B391D},,0,0,0,0,0,0,,1,190172,1610559289117,,,,Craig,VAVIC,51045,FS,VAVAF,,,,,,,,,,SA28B,FS,VAVAF,US-VA,,,,,,2019-VAVAF-190172,No Decision,wildcad,wildcad,2019/10/09 13:55:26,2019/10/09 13:55:26,0,,,{9C731DE7-88E1-4DE8-8859-3FCAC9030A74},2021/01/13 17:34:49,2019/10/09 13:55:26
-79.01297,38.60857,138191,,DEFAULT,,,,1570643756310,1,1,VAVIC,,,,,,,,Unknown,,,,,2019/10/09 17:55:15,,,,,,,,,SACC,,,,,,Gauley Ridge RX,,RX,FI,38.60857,-79.01297,,,{5A3E15DA-0CEF-4A28-874B-D07705218059},,0,0,0,0,0,0,,1,190173,1610559299023,,,,Rockingham,VAVIC,51165,FS,VAVAF,,,,,,,,,,SA28B,FS,VAVAF,US-VA,,,,,,2019-VAVAF-190173,No Decision,wildcad,wildcad,2019/10/09 17:55:56,2019/10/09 17:55:56,0,,,{294BAB5B-21C3-42CB-92EC-C7C8B680F53D},2021/01/13 17:34:59,2019/10/09 17:55:56
-79.66759,37.98844,138358,,DEFAULT,,,,1570808501630,1,1,VAVIC,,,,,,,,Unknown,,,,,2019/04/04 13:30:38,,,,,,,,,SACC,,,,,,Ft. Dickinson RX - TNC,,RX,FI,37.98844,-79.66759,,,{08BB6C57-4A46-40DF-9C3A-BA57A82A78D4},,0,0,0,0,0,0,,1,190090,1610559482480,,,,Bath,VAVIC,51017,DOF,VAVAS,,,,,,,,,,SA28B,,VAVIC,US-VA,,,,,,2019-VAVIC-190090,No Decision,wildcad,wildcad,2019/10/11 15:41:41,2019/10/11 15:41:41,0,,,{B62413E6-9AF9-4BD8-B63C-F941F296F922},2021/01/13 17:38:02,2019/10/11 15:41:41
-79.94419,37.60086,138363,,DEFAULT,,,,1570809202510,1,1,VAVIC,,,,,,,,Unknown,,,,,2018/04/10 14:16:59,,,,,,,,,SACC,,,,,,Patterson RX - Eastern Divide Zone,,RX,FI,37.60086,-79.94419,,,{0D524F44-A7FB-4663-BABB-0897C57244E5},,0,0,0,0,0,0,,1,180109,1610556691257,,,,Botetourt,VAVIC,51023,FS,VAVAF,,,,,,,,,,SA28B,FS,VAVAF,US-VA,,,,,,2018-VAVAF-180109,No Decision,wildcad,wildcad,2019/10/11 15:53:22,2019/10/11 15:53:22,0,,,{0D2F1954-1902-4BE4-ACE8-9D79CF3E3AAF},2021/01/13 16:51:31,2019/10/11 15:53:22
-79.94384,37.60086,138364,,DEFAULT,,,,1570809443150,1,1,VAVIC,,,,,,,,Unknown,,,,,2019/10/11 15:41:18,,,,,,,,,SACC,,,,,,Patterson Creek RX,,RX,FI,37.60086,-79.94384,,,{F8F2BDC5-E033-4D64-B9A1-23FC0CDF5789},,0,0,0,0,0,0,,1,190177,1610559293770,,,,Botetourt,VAVIC,51023,FS,VAVAF,,,,,,,,,,SA28B,FS,VAVAF,US-VA,,,,,,2019-VAVAF-190177,No Decision,wildcad,wildcad,2019/10/11 15:57:23,2019/10/11 15:57:23,0,,,{05BEF839-9D50-4D9C-8330-EDB74E3F3276},2021/01/13 17:34:53,2019/10/11 15:57:23
-80.007,38.00694,138704,,DEFAULT,,,,1571172336337,1,1,VAVIC,,,,,,,,Unknown,,,,,2019/10/15 20:44:05,,,,,,,,,EACC,,,,,,WV-Lakewood Pile-Burning,,RX,FI,38.00694,-80.007,,,{AA654053-9F38-4817-AD38-A25EC383665F},,0,0,0,0,0,0,,1,190182,1610559303607,,,,Greenbrier,WVMOFC,54025,FS,WVMOF,,,,,,,,,,EA17,,VAVIC,US-WV,,,,,,2019-VAVIC-190182,No Decision,wildcad,wildcad,2019/10/15 20:45:36,2019/10/15 20:45:36,0,,,{38DDDFC7-4B4F-4584-AB97-2D7F49D02DCC},2021/01/13 17:35:03,2019/10/15 20:45:36
-82.47484,36.86511,139559,,DEFAULT,,,,1572011766067,1,1,VAVIC,,,,,,,,Unknown,,,,,2019/03/27 18:58:00,,,,,,,,,SACC,,,,,,Pound Gap RX,,RX,FI,36.86511,-82.47484,,,{8F666E05-E85A-4BF2-AF46-A8F69FCE6414},,0,0,0,0,0,0,,1,190080,1610559419543,,,,Scott,VAVIC,51169,FS,VAVAF,,,,,,,,,,SA28A,FS,VAVAF,US-VA,,,,,,2019-VAVAF-190080,No Decision,wildcad,wildcad,2019/10/25 13:56:06,2019/10/25 13:56:06,0,,,{8568C307-0D70-466E-8FE3-6571EE5BA4A5},2021/01/13 17:36:59,2019/10/25 13:56:06
-111.987,38.65454,139933,,DEFAULT,,,,1572368883333,80,1,UTRFC,,,,,,,,Unknown,,,,,2019/10/29 17:07:07,,,,,,,,,GBCC,,,,,,Long Flat RX,,RX,FI,38.65454,-111.987,,,{17E85847-49BE-46CB-B2D4-A2786D99A415},,0,0,0,0,0,0,,1,190520,1610566487170,,,,Sevier,UTRFC,49041,DFF,UTUTS,,,,,,,,,,GB25,DFF,UTSCS,US-UT,,,,,,2019-UTSCS-190520,No Decision,wildcad,wildcad,2019/10/29 17:08:03,2019/11/08 00:47:18,0,,,{C76E0205-97BD-4C0C-9BAE-10C3F0064906},2021/01/13 19:34:47,2019/10/29 17:08:03
-81.89319,36.51331,140647,,DEFAULT,,,,1573051577413,1,1,VAVIC,,,,,,,,Unknown,,,,,2019/11/06 14:45:38,,,,,,,,,SACC,,,,,,Brickyard Branch RX Tenessee,,RX,FI,36.51331,-81.89319,,,{36A8073A-4970-450A-9183-B85330168EE6},,0,0,0,0,0,0,,1,190193,1610559333387,,,,Johnson,TNTNC,47091,FS,TNCNF,,,,,,,,,,SA25B,,VAVIC,US-TN,,,,,,2019-VAVIC-190193,No Decision,wildcad,wildcad,2019/11/06 14:46:17,2019/11/06 14:49:20,0,,,{5FBC9969-8181-4BEE-94AA-51EC80AE6551},2021/01/13 17:35:33,2019/11/06 14:46:17
-78.945417,38.6025,140652,,DEFAULT,,,,1573053123593,1,1,VAVIC,,,,,,,,Unknown,,,,,2019/11/05 15:45:52,,,,,,,,,SACC,,,,,,Slate Lick RX,,RX,FI,38.6025,-78.945417,25,,{B834DE55-63D7-45D7-9E7B-A2CE81857CD4},,0,0,0,0,0,0,,1,190190,1610559311393,,,,Rockingham,VAVIC,51165,FS,VAVAF,,,,,,,,,,SA28B,FS,VAVAF,US-VA,,,,,,2019-VAVAF-190190,No Decision,wildcad,wildcad,2019/11/06 15:12:03,2019/11/10 21:12:23,0,,,{16F7F8BC-B8A8-4B4A-8C86-CB2F0937C586},2021/01/13 17:35:11,2019/11/06 15:12:03
-79.04784,38.0211,140662,,DEFAULT,,,,1573056070593,1,1,VAVIC,,,,,,,,Unknown,,,,,2019/11/06 13:38:16,,,,,,,,,SACC,,,,,,Cowbane RX Department of Conservation,,RX,FI,38.0211,-79.04784,,,{10C4D5DA-A708-441F-84A5-37E7F3A6C67A},,0,0,0,0,0,0,,1,190192,1610559318177,,,,Augusta,VAVIC,51015,DOF,VAVAS,,,,,,,,,,SA28B,,VADCR,US-VA,,,,,,2019-VADCR-190192,No Decision,wildcad,wildcad,2019/11/06 16:01:10,2019/11/06 16:03:00,0,,,{42FE893B-2F58-4C80-9B31-58B33B075A5B},2021/01/13 17:35:18,2019/11/06 16:01:10
-82.01085,36.225983,140663,,DEFAULT,,,,1573057296360,1,1,VAVIC,,,,,,,,Unknown,,,,,2019/11/06 16:20:44,,,,,,,,,SACC,,,,,,Otherside RX Tennessee,,RX,FI,0,0,,,{9597AA76-621D-4F44-A5DE-E765E6DF71DD},,0,0,0,0,0,0,,1,190194,1610559348810,,,,Carter,TNTNC,47019,DFR,TNCNF,,,,,,,,,,SA25B,FS,VAVIC,US-TN,,,,,,2019-VAVIC-190194,No Decision,wildcad,wildcad,2019/11/06 16:21:36,2019/11/06 16:34:42,0,,,{7FB491B3-D001-4DC5-835B-24C01584C078},2021/01/13 17:35:48,2019/11/06 16:21:36
-79.70121,37.77461,141319,,DEFAULT,,,,1573845500207,1,1,VAVIC,,,,,,,,Unknown,,,,,2019/11/15 19:17:20,,,,,,,,,SACC,,,,,,Tri-County RX,,RX,FI,37.77461,-79.70121,,,{9D4585F4-D191-4C25-BDC4-45738C682654},,0,0,0,0,0,0,,1,190201,1610559360727,,,,Alleghany,VAVIC,51005,FS,VAVAF,,,,,,,,,,SA28B,FS,VAVAF,US-VA,,,,,,2019-VAVAF-190201,No Decision,wildcad,wildcad,2019/11/15 19:18:20,2019/11/15 19:18:20,0,,,{17F5DFD6-7A17-4EE5-8A56-EAA1E929EACE},2021/01/13 17:36:00,2019/11/15 19:18:20
-79.01682,37.91771,141694,,DEFAULT,,,,1574342243993,1,1,VAVIC,,,,,,,,Unknown,,,,,2019/11/21 13:15:55,,,,,,,,,SACC,,,,,,Sherando Lake Admin Rx,,RX,FI,37.91771,-79.01682,3,,{9CDBE694-4A2B-487A-9E0E-82BA7F754B81},,0,0,0,0,0,0,,1,190209,1610559260740,,,,Augusta,VAVIC,51015,FS,VAVAF,,,,,,,,,,SA28B,FS,VAVAF,US-VA,,,,,,2019-VAVAF-190209,No Decision,wildcad,wildcad,2019/11/21 13:17:23,2019/11/21 17:39:31,0,,,{E1308CD6-84DB-4191-8737-AAC9E0792165},2021/01/13 17:34:20,2019/11/21 13:17:23
-121.4568,41.48103,142552,,DEFAULT,,,,1575912722407,1,1,CAMICC,,,,,,,,Unknown,,,,,2019/12/09 17:23:32,,,,,,,,,ONCC,,,,,,56 RD FUEL BREAK RX ,,RX,FI,41.48103,-121.4568,,,{DD0EECC9-D474-481E-BA9C-7DE9B8E5AA96},,0,0,0,0,0,0,,1,001146,1610476651967,,,,Siskiyou,CAMICC,06093,FS,CAMDF,,,,,,,,,,NC06,FS,CAMDF,US-CA,,,,,,2019-CAMDF-001146,No Decision,wildcad,wildcad,2019/12/09 17:32:02,2019/12/09 17:32:02,0,,,{818CA1A6-8F99-4F2B-805A-B48C1BE43847},2021/01/12 18:37:31,2019/12/09 17:32:02
-80.1178,37.522367,142611,,DEFAULT,,,,1576079474870,1,1,VAVIC,,,,,,,,Unknown,,,,,2019/12/11 15:49:37,,,,,,,,,SACC,,,,,,Nutter Mountain RX,,RX,FI,37.522367,-80.1178,,,{601D4881-02FD-4BCB-89CB-953946179CD9},,0,0,0,0,0,0,,1,190212,1610559255690,,,,Craig,VAVIC,51045,FS,VAVAF,,,,,,,,,,SA28B,FS,VAVAF,US-VA,,,,,,2019-VAVAF-190212,No Decision,wildcad,wildcad,2019/12/11 15:51:14,2019/12/11 15:51:14,0,,,{62CE7FE9-005A-46A8-A55B-DD218BD960AC},2021/01/13 17:34:15,2019/12/11 15:51:14
-112.0898,46.5745,142798,,DEFAULT,,,,1576605143907,20,1,MTHDC,,,,,,,,Unknown,,,,,2019/12/17 17:51:02,,,,,,,,,NRCC,,,,,,Dump Gulch Handpiles,,RX,FI,46.5745,-112.0898,,,{83112719-C9B4-4E4D-B762-5D49B7016094},,0,0,0,0,0,0,,1,000270,1609955754990,,,,Lewis and Clark,MTHDC,30049,,MTHNF,,,,,,,,,,NR11,FS,MTHLF,US-MT,,,,,,2019-MTHLF-000270,No Decision,wildcad,wildcad,2019/12/17 17:52:23,2019/12/18 21:19:13,0,,,{4DEF2F2A-C40F-405B-B8A5-8AC77ECED4C6},2021/01/06 17:55:54,2019/12/17 17:52:23
-79.59831,38.15028,142859,,DEFAULT,,,,1576778888133,1,1,VAVIC,,,,,,,,Unknown,,,,,2019/03/19 11:18:49,,,,,,,,,SACC,,,,,,Marshall RX,,RX,FI,38.15028,-79.59831,,,{73B07A13-2171-48AD-AD6E-5A450B4A971F},,0,0,0,0,0,0,,1,190066,1610560088987,,,,Bath,VAVIC,51017,FS,VAVAF,,,,,,,,,,SA28B,FS,VAVAF,US-VA,,,,,,2019-VAVAF-190066,No Decision,wildcad,wildcad,2019/12/19 18:08:08,2019/12/19 18:08:08,0,,,{9AA27471-ABAD-4EF1-8AF2-77BEC28B9488},2021/01/13 17:48:08,2019/12/19 18:08:08
-79.49152,37.93975,142860,,DEFAULT,,,,1576779428697,1,1,VAVIC,,,,,,,,Unknown,,,,,2019/03/14 13:21:51,,,,,,,,,SACC,,,,,,Goshen Pass RX,,RX,FI,37.93975,-79.49152,,,{E09D55C9-4987-4280-8EB0-4481AA6E1552},,0,0,0,0,0,0,,1,190059,1610560054923,,,,Rockbridge,VAVIC,51163,DOF,VAVAS,,,,,,,,,,SA28B,FS,VAVAF,US-VA,,,,,,2019-VAVAF-190059,No Decision,wildcad,wildcad,2019/12/19 18:17:08,2019/12/19 18:17:08,0,,,{2E5A9276-6A3A-488C-A520-CE66D83B5A00},2021/01/13 17:47:34,2019/12/19 18:17:08
-78.38295,38.79166,142861,,DEFAULT,,,,1576780290727,1,1,VAVIC,,,,,,,,Unknown,,,,,2019/03/12 19:47:48,,,,,,,,,SACC,,,,,,Indian Grave-Seakford RX,,RX,FI,38.79166,-78.38295,,,{75E4379D-0474-45F0-A2C4-C4DB09579CF4},,0,0,0,0,0,0,,1,190054,1610560044227,,,,Page,VAVIC,51139,FS,VAVAF,,,,,,,,,,SA28B,FS,VAVAF,US-VA,,,,,,2019-VAVAF-190054,No Decision,wildcad,wildcad,2019/12/19 18:31:30,2019/12/19 18:31:30,0,,,{D0D4196A-64F7-4734-AAA1-D61F78388727},2021/01/13 17:47:24,2019/12/19 18:31:30
-121.6703,41.95815,145312,,DEFAULT,,,,1580836547380,1,1,CAMICC,,,,,,,,Unknown,,,,,2020/02/04 16:57:55,,,,,,,,,ONCC,,,,,,LOWER KLAMATH RX ,,RX,FI,41.95815,-121.6703,,,{62F9FE0C-544B-4FE1-811B-153F05CF27CD},,0,0,0,0,0,0,,1,000046,1610480033387,,,,Siskiyou,CAMICC,06093,FWS,CALKR,,,,,,,,,,NC06,FWS,CALKR,US-CA,,,,,,2020-CALKR-000046,No Decision,wildcad,wildcad,,,,,,{74C3CCFA-E254-4712-ADC7-B0AA4AAEE718},2021/01/12 19:33:53,2020/02/04 17:15:47
-79.94205,38.01274,145328,,DEFAULT,,,,1582231145830,1,1,VAVIC,,,,,,,,Unknown,,,,,2020/02/20 20:38:34,,,,,,,,,SACC,,,,,,Bolar Mountain RX,,RX,FI,38.02301,-79.92088,,,{1DEACBC7-B086-4D4D-9FD3-15CFCC4221BF},,0,0,0,0,0,0,,1,200028,1610559568243,,,,Bath,VAVIC,51017,DOF,VAVAS,,,,,,,,,,SA28B,FS,VAVAF,US-VA,,,,,,2020-VAVAF-200028,No Decision,wildcad,wildcad,,,,,,{E220FD4F-12DC-4E29-82F6-2FA8AC6850B5},2021/01/13 17:39:28,2020/02/20 20:39:05
-121.4111,45.4812,146482,,DEFAULT,,,,1582139145830,65,1,WACCC,,,,,,,,Unknown,,,,,2020/02/19 19:05:08,,,,,,,,,NWCC,,,,,,VOODOO,,RX,FI,45.4812,-121.4111,,,{BF754640-6454-4D1E-9528-289E708179FC},,0,0,0,0,0,0,,1,000029,1610405115447,,,,Wasco,WACCC,41065,FS,ORMHF,,,,,,,,,,NW06,FS,ORMHF,US-OR,,,,,,2020-ORMHF-000029,No Decision,wildcad,wildcad,,,,,,{C5EED341-5FD2-4FDB-A648-33F89A2ECB0D},2021/01/11 22:45:15,2020/02/19 19:05:45
-89.5272222,30.6991667,146822,,DEFAULT,,,,1583191172437,2135,,MSMIC,,,,Extreme,Creeping,,,Human,,,,,2020/02/29 04:30:00,Type 5 Incident,,25,75,0,0,,,SACC,2020/03/02 23:00:00,2020/02/29 04:44:59,2020/03/02 23:00:00,F,Type 5 IC,Two Hollows,Two Hollows Road off Bouie Rd,WF,FI,,,,,{F9D80C3E-E479-45A6-ABAA-37D906360E8E},,0,,,0,,,,1,007063,1609872554450,100,100,,Pearl River,MSMIC,28109,FC,MSMSS,,Private,Private,,,,,,,SA22A,FC,MSMSS,US-MS,,,Timber (Litter and Understory),Timber (Grass and Understory),18,2020-MSMSS-007063,No Decision,ics209,INFORM_Inspector,,,,,,{78156DF6-1941-4B0C-AF6A-23E2BAFBEF8A},2021/01/05 18:49:14,2020/03/02 23:19:32
-91.2416666669999,37.091666667,146908,,DEFAULT,,,,1580844450257,20,,MOMOC,,,,,,,,Human,Debris/Open Burning,,MZ56,,2020/02/04 19:25:00,,,,,,,,,EACC,,,,,,NN SHANNON COUNTY,,WF,FI,,,,,{30AF5A55-52D9-4032-AED9-3B904C7B7038},,0,0,0,0,0,0,,1,000001,1610553621560,,,,Shannon,MOMOC,29203,DOC,MOMOS,,Private,Private,,,,,,,EA13,NPS,MOOZP,US-MO,,,,,,2020-MOOZP-000001,No Decision,firecode,INFORM_Inspector,,,,,,{E84FFAE1-9A1B-4CBC-B3AB-6F869E2FEAE0},2021/01/13 16:00:21,2020/02/04 19:27:30
-79.47168,37.61886,147494,,DEFAULT,,,,1582378190213,1,1,VAVIC,,,,,,,,Unknown,,,,,2020/02/22 13:29:29,,,,,,,,,SACC,,,,,,Locher Tract RX,,RX,FI,37.61886,-79.47168,275,,{2BD2A3B4-370B-4816-A9B3-58478058B173},,0,0,0,0,0,0,,1,200030,1610559579113,,,,Rockbridge,VAVIC,51163,FS,VAVAF,,,,,,,,,,SA28B,FS,VAVAF,US-VA,,,,,,2020-VAVAF-200030,No Decision,wildcad,wildcad,,,,,,{D81F9AA2-E9C6-4632-ACF0-6165E581ECF5},2021/01/13 17:39:39,2020/02/22 13:29:50
-121.207,41.61161,147792,,DEFAULT,,,,1579127804957,1,1,CAMICC,,,,,,,,Unknown,,,,,2020/01/15 22:35:37,,,,,,,,,ONCC,,,,,,DG PLANTATION PILE RX,,RX,FI,41.61161,-121.207,,,{064FEA51-ACC5-484B-B88B-6572128C4BAF},,0,0,0,0,0,0,,1,000022,1610480155540,,,,Modoc,CAMICC,06049,FS,CAMDF,,,,,,,,,,NC06,FS,CAMDF,US-CA,,,,,,2020-CAMDF-000022,No Decision,wildcad,wildcad,,,,,,{4E5EC66F-ABF9-4D3B-A4B6-A9D9F8CEB1FF},2021/01/12 19:35:55,2020/01/15 22:36:44
-79.931033,37.51,148384,,DEFAULT,,,,1583429621073,1,1,VAVIC,,,,,,,,Unknown,,,,,2020/03/05 17:28:22,,,,,,,,,SACC,,,,,,VDOF Prescribed Burn,,RX,FI,37.509942,-79.931033,,,{A111B752-8D7A-4C13-8C95-839272AF4801},,0,0,0,0,0,0,,1,200042,1610559381670,,,,Botetourt,VAVIC,51023,DOF,VAVAS,,,,,,,,,,SA28B,DOF,VAVAS,US-VA,,,,,,2020-VAVAS-200042,No Decision,wildcad,wildcad,,,,,,{DB1F65CF-DF94-483F-A6F2-557EECB2EDCD},2021/01/13 17:36:21,2020/03/05 17:33:41
-79.59845,38.15028,149075,,DEFAULT,,,,1582217748923,1,1,VAVIC,,,,,,,,Unknown,,,,,2020/02/20 16:50:07,,,,,,,,,SACC,,,,,,Wallace Marshall RX,,RX,FI,38.17707,-79.57916,361,,{27AFF5DE-81A0-4F55-A82E-A561CEE3EBEA},,0,0,0,0,0,0,,1,200027,1610559529710,,,,Bath,VAVIC,51017,DOF,VAVAF,,,,,,,,,,SA28B,FS,VAVAF,US-VA,,,,,,2020-VAVAF-200027,No Decision,wildcad,wildcad,,,,,,{CC514953-00A4-4F18-98C0-FF0E0020D90D},2021/01/13 17:38:49,2020/02/20 16:55:48
-121.5601,41.85601,149109,,DEFAULT,,,,1583165001410,1,1,CAMICC,,,,,,,,Unknown,,,,,2020/03/02 16:02:51,,,,,,,,,ONCC,,,,,,SUMP SIDE RX ,,RX,FI,41.85601,-121.5601,,,{B67A9A82-E22C-4F8A-82E0-A75C76887E61},,0,0,0,0,0,0,,1,000099,1610479290700,,,,Siskiyou,CAMICC,06093,FWS,CATKR,,,,,,,,,,NC06,FWS,CALKR,US-CA,,,,,,2020-CALKR-000099,No Decision,wildcad,wildcad,,,,,,{25645048-A6C8-4FE7-8864-569EC055ECB6},2021/01/12 19:21:30,2020/03/02 16:03:21
-79.96092,37.61395,149714,,DEFAULT,,,,1582043484630,353,1,VAVIC,,,2020/11/13 19:25:42,,,,,Unknown,,,,,2020/02/18 15:39:30,,,,,,,,,SACC,,,,,,Craig Creek RX,,RX,FI,37.61395,-79.96092,,,{79EC26AB-DF4D-4FE1-93D1-C4E090E6BD95},,0,0,0,0,0,0,,1,200022,1610560534637,,,,Botetourt,VAVIC,51023,FS,VAVAF,,,,,,,,,,SA28B,FS,VAVAF,US-VA,,,,,,2020-VAVAF-200022,No Decision,wildcad,wildcad,,,,,,{60BD450F-60D5-4E02-92F8-22AEBCB6AFAC},2021/01/13 17:55:34,2020/02/18 16:31:24
-79.81354,38.08355,149718,,DEFAULT,,,,1580302588663,1,1,VAVIC,,,,,,,,Unknown,,,,,2020/01/29 12:55:54,,,,,,,,,SACC,,,,,,Hidden Valley RX,,RX,FI,38.10181,-79.79987,,,{245CFC97-B58A-48B3-A6F1-C4FC70604506},,0,0,0,0,0,0,,1,200014,1610559495747,,,,Bath,VAVIC,51017,FS,VAVAF,,,,,,,,,,SA28B,FS,VAVAF,US-VA,,,,,,2020-VAVAF-200014,No Decision,wildcad,wildcad,,,,,,{941D4687-C34D-429C-B184-2E5EF12F043E},2021/01/13 17:38:15,2020/01/29 12:56:28
-78.98335,37.95762,149883,,DEFAULT,,,,1583334433733,1,1,VAVIC,,,,,,,,Unknown,,,,,2020/03/04 13:53:43,,,,,,,,,SACC,,,,,,Mill Creek RX,,RX,FI,37.954,-79.002222,,,{0F72CD66-79EA-4C1E-AA79-CD90AFD2EF39},,0,0,0,0,0,0,,1,200039,1610559372797,,,,Augusta,VAVIC,51015,FS,VAVAF,,,,,,,,,,SA28B,FS,VAVAF,US-VA,,,,,,2020-VAVAF-200039,No Decision,wildcad,wildcad,,,,,,{C64754D5-13F8-4EB3-B57A-25FED10908B7},2021/01/13 17:36:12,2020/03/04 15:07:13
-78.63818,38.92494,149991,,DEFAULT,,,,1583355499700,1,1,VAVIC,,,,,,,,Unknown,,,,,2020/02/26 13:11:57,,,,,,,,,SACC,,,,,,Little Schloss RX,,RX,FI,38.92494,-78.63818,,,{09297E75-97E6-4D8B-BCA8-D2C2E19FA2FE},,0,0,0,0,0,0,,1,200033,1610559584317,,,,Shenandoah,VAVIC,51171,FS,VAVAF,,,,,,,,,,SA28B,FS,VAVAF,US-VA,,,,,,2020-VAVAF-200033,No Decision,wildcad,wildcad,,,,,,{5EF87E96-7B8A-4DE8-BF11-0852E3CE3F27},2021/01/13 17:39:44,2020/03/04 20:58:19
-78.94522,38.6025,150043,,DEFAULT,,,,1582120633240,1,1,VAVIC,,,,,,,,Unknown,,,,,2020/02/19 13:55:38,,,,,,,,,SACC,,,,,,Slate Lick RX,,RX,FI,38.6025,-78.94522,,,{C1073A86-5F63-4B42-B984-D533F962DF85},,0,0,0,0,0,0,,1,200023,1610559519487,,,,Rockingham,VAVIC,51165,FS,VAVAF,,,,,,,,,,SA28B,FS,VAVAF,US-VA,,,,,,2020-VAVAF-200023,No Decision,wildcad,wildcad,,,,,,{7386CFAF-BAE7-4B9F-B40A-A6227CDC0BFE},2021/01/13 17:38:39,2020/02/19 13:57:13
-79.9032,38.06088,150397,,DEFAULT,,,,1581078814760,1,1,VAVIC,,,,,,,,Unknown,,,,,2020/02/07 12:32:35,,,,,,,,,SACC,,,,,,Guthrie-Bolar Mountain RX,,RX,FI,38.06088,-79.9032,,,{46178AF6-BC37-415E-8797-E58D84367ED4},,0,0,0,0,0,0,,1,200016,1610559505627,,,,Bath,VAVIC,51017,DOF,VAVAS,,,,,,,,,,SA28B,FS,VAVAF,US-VA,,,,,,2020-VAVAF-200016,No Decision,wildcad,wildcad,,,,,,{2BA8C32B-0A9D-4405-AA87-F6F881009063},2021/01/13 17:38:25,2020/02/07 12:33:34
-109.3969,37.72262,150827,,DEFAULT,,,,1579707339383,267,,UTMFC,,,,,,,,Unknown,,,,,2020/01/22 15:34:32,,,,,,,,,GBCC,,,,,,Devils Canyon RX,,RX,FI,37.72382,-109.3953,,,{F89A3FE9-E1F7-4131-AF15-FA9B7EBE04BB},,0,0,0,0,0,0,,1,000003,1609454472033,,,,San Juan,UTMFC,49037,BLM,UTMOD,,,,,,,,,,GB32,BLM,UTMOD,US-UT,,,,,,2020-UTMOD-000003,No Decision,wildcad,wildcad,,,,,,{DF11D7D9-9564-4AE2-B0B9-8C8788A367DB},2020/12/31 22:41:12,2020/01/22 15:35:39
-79.21743,38.33324,151230,,DEFAULT,,,,1584023353213,1,1,VAVIC,,,,,,,,Unknown,,,,,2020/03/12 14:19:50,,,,,,,,,SACC,,,,,,Elkhorn RX,,RX,FI,38.33324,-79.21743,,,{174CAAC0-6E2D-4ECC-9F5A-C61AC19243CE},,0,0,0,0,0,0,,1,200053,1610559394743,,,,Augusta,VAVIC,51015,FS,SCFMF,,,,,,,,,,SA28B,FS,VAVAF,US-VA,,,,,,2020-VAVAF-200053,No Decision,wildcad,wildcad,,,,,,{4B307B48-2AE2-4229-B634-B45917D21145},2021/01/13 17:36:34,2020/03/12 14:29:13
-120.424,46.94878,152461,,DEFAULT,,,,1584558442003,10,10,WACWC,,,,,,,,Unknown,,,,,2020/03/18 18:57:01,,,,,,,,,NWCC,,,,,,DENMARK,,WF,FI,46.94878,-120.424,10,,{94589F48-1C1B-4E1F-8046-F8B5945884BB},,0,1,0,0,0,0,,1,000033,1610143751877,,,,Kittitas,WACWC,53037,,,,,,,,,,,,NW05,C&L,WAKTTN,US-WA,,,,,,2020-WAKTTN-000033,No Decision,wildcad,wildcad,,,,,,{DEC77527-3621-4CA5-BDB7-4C776167EC04},2021/01/08 22:09:11,2020/03/18 19:07:22
-95.86095,47.25145,155266,,DEFAULT,,,,1587839026230,20,20,MNMNCC,,,2020/12/16 19:59:41,,,,,Human,Other Human Cause,,M2SR,,2020/04/24 08:53:07,,,,,,,,,EACC,,,,,,Crane,,WF,FI,,,,,{D2C7CA11-0B8D-4CEB-9477-87CDA9F08AEF},,0,1,,0,,,,1,000051,1609947855787,,,,Mahnomen,MNMNCC,27087,DNR,MNMNS,,Private,Private,,,,,,,EA01,BIA,MNMNA,US-MN,Grass,GR3,,,,2020-MNMNA-000051,No Decision,INFORM_Inspector,INFORM_Inspector,,,,,,{E0562C64-B1AE-4693-8CB4-767E080B98FB},2021/01/06 15:44:15,2020/04/25 18:23:46
-111.603,46.30789,155911,,DEFAULT,,,,1588277497597,0.1,0.1,MTHDC,,,,,,,,Unknown,Equipment,Motor Vehicle,M23V,,2020/04/30 17:15:00,,,,,,,,,NRCC,,,,,,Limestone Hills Truck,,WF,FI,46.30789,-111.603,,2020/04/30 17:06:00,{8DF6B885-2BCE-4907-9292-D3D6EC2CC08F},0,0,1,1,0,1,0,,1,000025,1610484426823,,,,Broadwater,MTHDC,30007,,MTANG,,BLM,Federal,,,,,,,NR11,FS,MTHLF,US-MT,Brush,SH6,,,,2020-MTHLF-000025,No Decision,wildcad,wildcad,,,,,,{1067BA4B-8520-400A-B60C-727CE6FF444F},2021/01/12 20:47:06,2020/04/30 20:11:37
-87.0747222,30.5577778,156576,,DEFAULT,2248.7162,,,1588709706170,2215,,FLFIC,,,,Minimal,Creeping,Smoldering,Backing,Human,,,M3QM,,2020/05/04 18:16:00,Type 4 Incident,,0,100,0,0,,,SACC,2020/05/22 20:00:00,2020/05/22 18:00:00,2020/05/22 20:00:00,F,Type 4 IC,5 MILE SWAMP,Delmonte off Avalon Blvd,WF,FI,,,,,{A1723CF9-1556-4D1B-B4AC-1F3920E23785},,0,,,0,,,0,1,010332,1609872413697,100,100,Milton,Santa Rosa,FLFIC,12113,,,,Private,Private,Tallahassee,,,28,24,1N,SA44,DVF,FLFLS,US-FL,,,Southern Rough,Brush (2 feet),3,2020-FLFLS-010332,No Decision,ics209,INFORM_Inspector,,,,,,{4BB3733D-10CE-4F8E-9509-54D5AF54DED4},2021/01/05 18:46:53,2020/05/05 20:15:06
-117.123630565,34.1129290060001,168283,,DEFAULT,,,,1592180357620,36.1,0.1,CABDCC,,,,,,,,Human,Firearms/Weapons,,M6SY,,2020/06/14 23:53:23,,,,,,,,,OSCC,,,,,,GREEN,,WF,FI,34.109976,-117.151673,,,{DB4286D5-CD1F-494C-BBB1-3E37AE29150B},,0,1,0,0,0,0,,1,008004,1610137993407,,,,San Bernardino,CASBCC,06071,FS,CABDF,,USFS,Federal,,,,,,,SC08,CDF,CABDU,US-CA,Grass,GR2,,,,2020-CABDU-008004,No Decision,cfcad,INFORM_Inspector,,,,,,{7255974F-DF71-4E6F-9961-9EE34B6A43DC},2021/01/08 20:33:13,2020/06/15 00:19:17
-122.475833,39.578833,182054,,DEFAULT,,,,1597681467420,,0.1,CATGCC,,,,,,,,Unknown,,,,,2020/08/17 16:24:24,,,,,,,,,ONCC,,,,,,4-2,,WF,FI,39.578833,-122.475833,,,{9B143284-4435-43ED-8399-BF02A38531C4},,0,,,0,,,,1,008791,1610496393060,,,,Glenn,CATGCC,06021,,,,Private,Private,,,,,,,NC05,,CATGU,US-CA,,,,,,2020-CATGU-008791,No Decision,cfcad,cfcad,,,,,,{7ED87F0C-C335-4CC8-BDB3-D4BF85B9342A},2021/01/13 00:06:33,2020/08/17 16:24:27
-121.498,39.5605,182113,,DEFAULT,,,,1597688877413,927,0.1,CABTCC,,,,Minimal,Backing,Running,Short-range Spotting,Unknown,,,NF27,,2020/08/17 18:27:55,Type 3 Incident,,0,100,0,0,,,ONCC,2020/08/20 03:00:00,2020/08/20 01:15:00,2020/08/20 03:00:00,F,Type 3 IC,5-4 POTTERS,Kelly Ridge,WF,FI,39.5605,-121.498,,,{61AA84A0-8E88-4549-B694-BF14DD6E4CD4},,0,1,0,0,0,0,0,1,009702,1609617705453,98,100,,Butte,CABTCC,06007,,,,Private,Private,,,,,,,NC05,,CABTU,US-CA,,,Brush (2 feet),Tall Grass (2.5 feet),0,2020-CABTU-009702,No Decision,cfcad,cfcad,,,,,,{E3827F87-6FB8-47C4-90C4-19419DC33CDA},2021/01/02 20:01:45,2020/08/17 18:27:57
-122.560555,39.403888,182118,,DEFAULT,,,,1597689285370,,0.1,CATGCC,,,,,,,,Unknown,,,,,2020/08/17 18:34:42,,,,,,,,,ONCC,,,,,,4-7,,WF,FI,39.403888,-122.560555,,,{813A1ACF-603B-4A3B-A440-0B8B276E9447},,0,,,0,,,,1,008803,1610496708647,,,,Glenn,CATGCC,06021,,,,Private,Private,,,,,,,NC05,,CATGU,US-CA,,,,,,2020-CATGU-008803,No Decision,cfcad,cfcad,,,,,,{479BC854-3C94-409B-AD6E-C8F25D37AC27},2021/01/13 00:11:48,2020/08/17 18:34:45
-122.569833,39.491167,182234,,DEFAULT,,,,1597700093950,,0.1,CATGCC,,,,,,,,Unknown,,,,,2020/08/17 21:34:50,,,,,,,,,ONCC,,,,,,4-9,,WF,FI,39.491167,-122.569833,,,{C28452CD-3B5D-4561-9C2A-C0192813EED3},,0,,,0,,,,1,008812,1610496753563,,,,Glenn,CATGCC,06021,,,,Private,Private,,,,,,,NC05,,CATGU,US-CA,,,,,,2020-CATGU-008812,No Decision,cfcad,cfcad,,,,,,{AAAF9ACB-C429-4706-8C32-4E12E8672D72},2021/01/13 00:12:33,2020/08/17 21:34:53
-122.540562,39.554571,182248,,DEFAULT,,,,1597701333200,,0.1,CATGCC,,,,,,,,Unknown,,,,,2020/08/17 21:55:22,,,,,,,,,ONCC,,,,,,4-10,,WF,FI,39.554571,-122.540562,,,{E36875AC-7C39-4AD6-8EE3-A90D0C539EF3},,0,,,0,,,,1,008814,1610496861653,,,,Glenn,CATGCC,06021,,,,Private,Private,,,,,,,NC05,,CATGU,US-CA,,,,,,2020-CATGU-008814,No Decision,cfcad,cfcad,,,,,,{54CFF87F-1824-40A9-B17F-4D953D91EBF4},2021/01/13 00:14:21,2020/08/17 21:55:33
-121.722667,40.399833,182314,,DEFAULT,,,,1597709217983,,0.1,CATGCC,,,,,,,,Unknown,,,,,2020/08/18 00:06:01,,,,,,,,,ONCC,,,,,,1-3,,WF,FI,40.399833,-121.722667,,,{C04E7C72-2E29-410A-9970-2754D66FA82B},,0,,,0,,,,1,008821,1610497129650,,,,Tehama,CATGCC,06103,,,,Private,Private,,,,,,,NC07,,CATGU,US-CA,,,,,,2020-CATGU-008821,No Decision,cfcad,cfcad,,,,,,{870DB68C-1001-444F-A29E-55885238B8E7},2021/01/13 00:18:49,2020/08/18 00:06:57
-122.746917,40.096667,182370,,DEFAULT,,,,1597715841720,,0.1,CATGCC,,,,,,,,Unknown,,,,,2020/08/18 01:57:18,,,,,,,,,ONCC,,,,,,3-2,,WF,FI,40.096667,-122.746917,,,{60903128-245F-4A21-8167-4CEC635F7B4A},,0,,,0,,,,1,008833,1610497173490,,,,Tehama,CATGCC,06103,,,,Private,Private,,,,,,,NC05,,CATGU,US-CA,,,,,,2020-CATGU-008833,No Decision,cfcad,cfcad,,,,,,{1C9C322F-AED8-4800-B342-47E214E399FE},2021/01/13 00:19:33,2020/08/18 01:57:21
-122.721167,40.2685,182484,,DEFAULT,,,,1597766736890,,0.1,CATGCC,,,,,,,,Unknown,,,,,2020/08/18 16:05:33,,,,,,,,,ONCC,,,,,,3-3,,WF,FI,40.2685,-122.721167,,,{502C934D-143F-4862-BA2B-C0DE20B06F4E},,0,,,0,,,,1,008854,1610497695420,,,,Tehama,CATGCC,06103,,,,Private,Private,,,,,,,NC05,,CATGU,US-CA,,,,,,2020-CATGU-008854,No Decision,cfcad,cfcad,,,,,,{0D14768E-3342-464F-B7CC-F29C485AB7CB},2021/01/13 00:28:15,2020/08/18 16:05:36
-122.506184,39.74046,182629,,DEFAULT,,,,1597793271400,,0.1,CATGCC,,,,,,,,Unknown,,,,,2020/08/18 23:27:50,,,,,,,,,ONCC,,,,,,4-13,,WF,FI,39.74046,-122.506184,,,{5EA359B7-1C3F-4835-AD5C-2C9E3E026BEE},,0,,,0,,,,1,008873,1610497760500,,,,Glenn,CATGCC,06021,,,,Private,Private,,,,,,,NC05,,CATGU,US-CA,,,,,,2020-CATGU-008873,No Decision,cfcad,cfcad,,,,,,{3AC6E255-9DDC-4B63-B120-DAB0CFA356EB},2021/01/13 00:29:20,2020/08/18 23:27:51
-121.811309,40.420299,182660,,DEFAULT,,,,1597799015560,,0.1,CATGCC,,,,,,,,Unknown,,,,,2020/08/19 01:03:34,,,,,,,,,ONCC,,,,,,1-6,,WF,FI,40.420299,-121.811309,,,{0A2DA3FB-8EC2-4D3F-9A93-09FE0D63B2E7},,0,,,0,,,,1,008878,1610497791637,,,,Tehama,CATGCC,06103,,,,Private,Private,,,,,,,NC07,,CATGU,US-CA,,,,,,2020-CATGU-008878,No Decision,cfcad,cfcad,,,,,,{AA34208B-D317-41E3-93DF-12054F0F9748},2021/01/13 00:29:51,2020/08/19 01:03:35
-122.83889,38.01722,182663,,DEFAULT,620.7918,,,1597799351227,8,,CAMRNC,,,,,,,,,,,NF5X,,2020/08/18 15:59:59,,,,,,,,,ONCC,,,,,,4-5,,WF,FI,,,,,{8E9FC389-FCF4-41D1-9697-8444048049D1},,0,1,0,0,0,0,,1,012007,1610567339090,,,,Marin,CAMRNC,06041,NPS,CARNP,,NPS,Federal,,,,,,,NC02,NPS,CARNP,US-CA,,,,,,2020-CARNP-012007,Pending Decision,firecode,INFORM_Inspector,,,,Type 1 Incident,,{A3CD1526-839F-4B44-B2FE-9CDB5B3BD4EC},2021/01/13 19:48:59,2020/08/19 01:09:11
-118.541,36.34959,184890,,ICS209,816.416,,,1598146652673,841,0.1,CACCCC,,,,Active,Flanking,Running,,Unknown,,,NH3B,,2020/08/19 14:25:54,Type 5 Incident,,0,100,0,0,,,OSCC,2020/08/24 17:45:00,2020/08/24 17:29:59,2020/08/24 17:45:00,F,Type 2 Team,SHOTGUN,"31E12 Trail, Camelback Ridge",WF,FI,36.37079,-118.5813,,,{74F9525D-3F74-4353-87F1-94C819988153},,0,0,0,0,0,0,0,1,002543,1609865912710,100,0,Springville,Tulare,CACCCC,06107,FS,CASQF,,USFS,Federal,Mt. Diablo,,,32E,19,18S,SC03,FS,CASQF,US-CA,,,Heavy Logging Slash,Timber (Litter and Understory),,2020-CASQF-002543,Approved Decision,ics209,ics209,,,,Type 3 Incident,2020/09/02 04:25:40,{4C9E9F7D-2658-4D67-A2B3-D51BBFF29356},2021/01/05 16:58:32,2020/08/23 01:37:32
-118.4967,36.25513,185183,,ICS209,,,,1598293578517,175019,1,CACCCC,,,,Minimal,Smoldering,Smoldering,Smoldering,Unknown,,,,,2020/08/24 18:25:36,Type 5 Incident,,0,100,0,0,,,OSCC,2021/01/05 02:00:00,2020/12/24 15:59:59,2021/01/05 02:00:00,F,Type 5 IC,SQF COMPLEX,"25 miles north of Kernville, CA",CX,FI,36.25513,-118.4967,,,{A1F6ECF3-51C6-44FE-9435-64E9221116F2},,0,0,0,0,0,0,0,1,002622,1609865910533,100,100,"Springville, CA",Tulare,CACCCC,06107,FS,CASQF,,,,,,,,,,SC03,FS,CASQF,US-CA,,,Timber (Litter and Understory),Brush (2 feet),0,2020-CASQF-002622,No Decision,wildcad,ics209,,,,,,{966C7557-3D7B-4BA9-9C32-F93D378AF1C3},2021/01/05 16:58:30,2020/08/24 18:26:18
-122.655883,40.794917,189944,,DEFAULT,,,,1600641791140,,0.1,CARICC,,,,,,,,Unknown,,,NL2E,,2020/09/20 22:43:08,,,,,,,,,ONCC,,,,,,TRINITY,,WF,FI,40.794917,-122.655883,,,{F2BF0EF2-8406-4398-826C-AB2F09A00CAE},,0,1,1,0,1,0,,1,009723,1610576431570,,,,Shasta,CARICC,06089,FS,CASHF,,Private,Private,,,,,,,NC04,,CASHU,US-CA,,,,,,2020-CASHU-009723,No Decision,cfcad,cfcad,,,,,,{97A33FD5-00E8-4A0F-8C99-5F5B5211B6E9},2021/01/13 22:20:31,2020/09/20 22:43:11
-81.69722,33.36583,192091,,DEFAULT,,,,1602436905873,,,SCSRC,,,,,,,,,,,,,2020/10/11 14:19:00,,,,,,,,,SACC,,,,,,FY21 Savannah River RX,,RX,FI,,,,,{66093DC1-A1EE-4015-BDD6-CDC7759D3400},,0,,,0,,,,1,000003,1610554066317,,,,Aiken,SCSCC,45003,FS,SCSRF,,,,,,,,,,SA35,FS,SCSRF,US-SC,,,,,,2020-SCSRF-000003,No Decision,IROC,IROC,,,,,,{C481ADD4-AE31-4F5C-AB7E-B02432B6DA52},2021/01/13 16:07:46,2020/10/11 17:21:45
-109.6553,33.63563,193534,,DEFAULT,,,,1603901751980,238,0.1,AZSDC,,,,,,,,Human,,,,,2020/10/20 17:06:47,,,,,,,,,SWCC,,,,,,Perry Creek RX FY21,,RX,FI,33.63466,-109.689,,,{340ADB07-28FB-4F22-856E-C0BD87CA0FB5},,0,0,0,0,0,0,,1,001116,1609800486690,,,,Apache,AZSDC,04001,BIA,AZFTA,,,,,,,,,,SW08,BIA,AZFTA,US-AZ,,,,,,2020-AZFTA-001116,No Decision,wildcad,wildcad,,,,,,{D32AF066-F3A2-449B-B73A-837D3AFBB58E},2021/01/04 22:48:06,2020/10/28 16:15:51
-109.7475,34.07044,193537,,DEFAULT,,,,1603901919120,545,0.1,AZSDC,,,,,,,,Human,,,,,2020/10/27 17:40:17,,,,,,,,,SWCC,,,,,,Soldier Butte RX FY21,,RX,FI,34.08965,-109.7103,,,{B10ECEC5-E122-483A-962C-E124D9384684},,0,0,0,0,0,0,,1,001149,1609800233590,,,,Apache,AZSDC,04001,BIA,AZFTA,,,,,,,,,,SW08,BIA,AZFTA,US-AZ,,,,,,2020-AZFTA-001149,No Decision,wildcad,wildcad,,,,,,{B61CD165-3398-4A36-9D29-20D69C3D165F},2021/01/04 22:43:53,2020/10/28 16:18:39
-110.7799,34.16865,194652,,DEFAULT,,,,1604932384500,1000,0.1,AZSDC,,,,,,,,Human,,,,,2020/11/09 14:31:41,,,,,,,,,SWCC,,,,,,Red Man RX,,RX,FI,34.18868,-110.7766,,,{EB5456D0-45AA-48D2-8A8A-AAD0C4B1F07F},,0,0,0,0,0,0,,1,001167,1609800621120,,,,Gila,AZSDC,04007,BIA,AZFTA,,,,,,,,,,SW05,BIA,AZFTA,US-AZ,,,,,,2020-AZFTA-001167,No Decision,wildcad,wildcad,,,,,,{622EF700-74C8-456B-AB0A-EF94835F7048},2021/01/04 22:50:21,2020/11/09 14:33:04
-89.09815,37.44485,195511,,DEFAULT,,,,1605823537440,0.1,1,ILILC,,,,,,,,Unknown,Debris/Open Burning,,NRK5,,2020/11/19 21:20:59,,,,,,,,,EACC,,,,,,McGinnis Cemetary,,WF,FI,37.44485,-89.09815,,,{8F3ACB75-1D22-48C3-A31E-2CE4275900CF},,0,1,1,0,0,0,,1,200269,1610478299580,,,,Union,ILILC,17181,,,,Private,Private,,,,,,,EA14,DFR,ILILS,US-IL,,,,,,2020-ILILS-200269,No Decision,wildcad,wildcad,,,,,,{41C766A0-06C3-4796-AB1C-3AEAFDC6A94D},2021/01/12 19:04:59,2020/11/19 22:05:37
-106.5736,35.95222,197253,,DEFAULT,,,,1606836685240,234,1,NMSFC,,,,,,,,Unknown,,,,,2020/12/01 15:28:46,,,,,,,,,SWCC,,,,,,Seco 9 RX,,RX,FI,35.95222,-106.5736,400,,{F3FE3163-27B1-4807-B124-FA75CE6E5C3E},,0,0,0,0,0,0,,1,000714,1610407350850,,,,Sandoval,NMSFC,35043,NPS,NMVCP,,,,,,,,,,SW07,NPS,NMVCP,US-NM,,,,,,2020-NMVCP-000714,No Decision,wildcad,wildcad,,,,,,{0A3398AF-342A-44C7-8E81-AF404D0FAAAA},2021/01/11 23:22:30,2020/12/01 15:31:25
-81.12417,34.07305,198504,,DEFAULT,,,,1608213857690,,,SCSCC,,,,,,,,,,,,,2020/12/17 10:57:59,,,,,,,,,SACC,,,,,,FY2021 FMS RX Support,,RX,FI,,,,,{BC9D45CB-D8D9-4B4B-9F32-7EBB28BF8E25},,0,,,0,,,,1,000146,1610476185480,,,,Richland,SCSCC,45079,,,,,,,,,,,,SA35,FS,SCFMF,US-SC,,,,,,2020-SCFMF-000146,No Decision,IROC,IROC,,,,,,{8D27AA04-CEBB-4C80-8D98-D732AE086147},2021/01/12 18:29:45,2020/12/17 14:04:17
-117.266795,33.402646,198850,,DEFAULT,,,,1608798756383,4276,0.1,CAMVIC,,,,Minimal,Uphill Runs,Spotting,Backing,Unknown,,,NSH8,,2020/12/24 07:22:55,Type 4 Incident,,0,100,0,0,,,OSCC,2020/12/28 23:45:00,2020/12/28 14:00:00,2020/12/28 23:45:00,F,Type 4 IC,CREEK 5,"Fallbrook, De Luz, Camp Pendleton",WF,FI,33.402646,-117.266795,,,{3883D723-E328-4DA2-A7E8-ECBD419B420A},,0,1,1,0,1,0,0,1,020846,1609807044120,100,100,Fallbrook,San Diego,CAMVIC,06073,AG,CAMCP,,DOD,Federal,,,,,,,SC08,CDF,CAMVU,US-CA,,,Brush (2 feet),Tall Grass (2.5 feet),0,2020-CAMVU-020846,No Decision,cfcad,firecode,,,,,,{89EF8C1D-F7C8-4B55-AA58-40B20BD773A7},2021/01/05 00:37:24,2020/12/24 08:32:36
-96.40932,34.24867,199002,,DEFAULT,,,,1609082902113,0.63,1,ARAOC,,,,,,,,Human,,,NSN6,,2020/12/26 20:45:00,,,,,,,PA,1522,SACC,,,,,,COAL,,WF,FI,34.24824,-96.38141,0.83,,{E587B6E7-E63C-4308-841A-BB862C5C609A},,0,1,0,0,0,0,,1,002315,1610400814033,,,,Johnston,ARAOC,40069,,,,Private,Private,,,,,,,SA03,BIA,OKCHA,US-OK,,,,,,2020-OKCHA-002315,No Decision,wildcad,wildcad,,,,,,{BE04EA4B-7D34-4B9C-8E47-A1E8498D9025},2021/01/11 21:33:34,2020/12/27 15:28:22
-95.2831667,34.7515,199176,,DEFAULT,,,,1609433381973,270,,ARAOC,,,,Active,Wind Driven Runs,Flanking,,Human,,,,,2020/12/24 19:30:00,Type 4 Incident,,0,100,0,0,,,SACC,2020/12/24 22:30:00,2020/12/24 19:30:00,2020/12/24 22:30:00,F,Type 4 IC,ROCK STATION,"29 miles Southeast of McAlester, OK",WF,FI,,,,,{4FA98EAB-A9BC-4584-A27F-C8F332861370},,0,,,0,,,0,1,200115,1609433408700,100,100,,Latimer,ARAOC,40077,,,,Private,Private,Indian,,,19E,11,3N,SA17A,DVF,OKOKS,US-OK,,,Hardwood Litter,,5,2020-OKOKS-200115,No Decision,ics209,wfdss,,,,,,{F8FA83E2-4F45-44FC-AC92-36E6B922F230},2020/12/31 16:50:08,2020/12/31 16:49:41
-120.670419,38.191725,199204,,DEFAULT,,,,1609489416000,,0.1,CATCCC,,,,,,,,Unknown,,,,,2021/01/01 08:00:08,,,,,,,,,OSCC,,,,,,TCU FIXED WING TRAINING,,WF,FI,38.191725,-120.670419,,,{FC788D39-89C9-4D28-902D-91A48E474B51},,0,,,0,,,,1,000001,1610485928010,,,,Calaveras,CATCCC,06009,,,,Private,Private,,,,,,,SC04,CDF,CATCU,US-CA,,,,,,2021-CATCU-000001,No Decision,IROC,wfdss,,,,,,{B1052B17-3EBA-484C-9116-4A1CC56D922A},2021/01/12 21:12:08,2021/01/01 08:23:36
-81.26374,27.62444,199458,,DEFAULT,,,,1609785658823,522,1,FLFIC,,,,,,,,Unknown,,,,,2021/01/04 15:48:19,,,,,,,,,SACC,,,,,,Area 11 ,,RX,FI,27.62444,-81.26374,522,,{62694950-01B7-4EB6-9AC5-CFDA53BDBE1C},,0,0,0,0,0,0,,1,000006,1610211159917,,,,Highlands,FLFIC,12055,,,,DOD,Federal,,,,,,,SA48,USAF,FLAPQ,US-FL,,,,,,2021-FLAPQ-000006,No Decision,wildcad,wildcad,,,,,,{C731095B-06AC-4115-AF77-B7223B8AA983},2021/01/09 16:52:39,2021/01/04 18:40:58
-80.66641,28.43572,199464,,DEFAULT,,,,1609787219793,1374,1,FLFIC,,,,,,,,Unknown,,,,,2021/01/05 19:05:00,,,,,,,,,SACC,,,,,,FMU 9.5 9.6,,RX,FI,28.43572,-80.66641,1342,,{E35D7C43-F875-4E8F-BC68-94297EBC7A70},,0,1,0,0,0,0,,1,000008,1610557377587,,,,Brevard,FLFIC,12009,,,,Private,Private,,,,,,,SA49,FWS,FLMIR,US-FL,,,,,,2021-FLMIR-000008,No Decision,wildcad,wildcad,,,,,,{646198C1-B6D5-48BD-A4B9-A868391E403B},2021/01/13 17:02:57,2021/01/04 19:06:59
-118.254117,36.754983,199572,,DEFAULT,,,,1609819562497,,0.1,CABDCC,,,,,,,,Unknown,,,,,2021/01/05 03:40:08,,,,,,,,,OSCC,,,,,,FOOTHILL,,WF,FI,36.754983,-118.254117,,,{3F605AF9-E6C8-4660-9FC0-306CA3C849E5},,0,,,0,,,,1,000196,1610565596943,,,,Inyo,CAOVCC,06027,BLM,CAOVD,,BLM,Federal,,,,,,,SC03,CDF,CABDU,US-CA,,,,,,2021-CABDU-000196,No Decision,cfcad,cfcad,,,,,,{D53E6104-0CEA-4235-856A-9ABD7A6A100C},2021/01/13 19:19:56,2021/01/05 04:06:02
-86.15861,33.20494,199601,,DEFAULT,,,,1609866939393,478,1,ALAIC,,,,,,,,Unknown,,,,,2021/01/04 22:02:15,,,,,,,,,SACC,,,,,,TL LAKE HOWARD A,,RX,FI,33.20494,-86.15861,,,{E55515ED-9E03-426C-8F4B-0C23BB8B25F0},,0,0,0,0,0,0,,1,210021,1609866939393,,,,Talladega,ALAIC,01121,FS,ALALF,,,,,,,,,,SA38,FS,ALALF,US-AL,,,,,,2021-ALALF-210021,No Decision,wildcad,wildcad,,,,,,{93A1639A-6A83-4D1E-8E4F-D4D781684554},2021/01/05 17:15:39,2021/01/05 17:15:39
-86.60443,31.08205,199602,,DEFAULT,,,,1609866947923,1063,1,ALAIC,,,,,,,,Unknown,,,,,2021/01/04 21:57:28,,,,,,,,,SACC,,,,,,CN Blue Spring West 10,,RX,FI,31.08205,-86.60443,,,{DE5D1C9D-55FB-4D51-8595-1FF653D52A77},,0,0,0,0,0,0,,1,210020,1609866947923,,,,Covington,ALAIC,01039,FS,ALALF,,,,,,,,,,SA39,FS,ALALF,US-AL,,,,,,2021-ALALF-210020,No Decision,wildcad,wildcad,,,,,,{DB57776B-93AF-40C1-89A7-D6C466F7179F},2021/01/05 17:15:47,2021/01/05 17:15:47
-110.8297,46.81076,199614,,DEFAULT,,,,1609868415533,11.5,1,MTGDC,,,,,,,,Unknown,,,,,2021/01/05 15:16:27,,,,,,,,,NRCC,,,,,,Daniels Creek Piles,,RX,FI,46.81082,-110.8299,,,{E8F735B8-C837-4117-9D55-9D9E7D30457E},,0,1,0,0,0,0,,1,005001,1610139425667,,,,Meagher,MTGDC,30059,FS,MTHLF,,,,,,,,,,NR11,FS,MTHLF,US-MT,,,,,,2021-MTHLF-005001,No Decision,wildcad,wildcad,,,,,,{F6493280-9BC4-4207-B302-816D53A53C98},2021/01/08 20:57:05,2021/01/05 17:40:15
-82.4044444,28.7544444,199726,,DEFAULT,,,,1609970241883,313,,FLFIC,,,,Active,,,,Human,,,,,2021/01/06 16:49:00,Type 5 Incident,,0,0,100,0,,,SACC,2021/01/06 21:45:00,2021/01/06 16:49:00,2021/01/06 21:45:00,F,Type 5 IC,NORTH 16,CITRUS TRACT TRAIL 13/TRAIL 16 STR 09/20/19,WF,FI,,,,,{67AA82A4-208F-4AB4-9936-5E5E8D090FBE},,0,,,0,,,0,1,110014,1609970266090,100,100,,Citrus,FLFIC,12017,DVF,FLFLS,,State,Other,,,,,,,SA47,DVF,FLFLS,US-FL,,,Southern Rough,,10,2021-FLFLS-110014,No Decision,ics209,wfdss,,,,,,{10A8909E-2314-4599-A857-9F7F7666C1EE},2021/01/06 21:57:46,2021/01/06 21:57:21
-80.63848,28.57272,199731,,DEFAULT,,,,1609970995923,2376,1,FLFIC,,,,,,,,Unknown,,,,,2021/01/09 22:08:00,,,,,,,,,SACC,,,,,,MIR 7.1 Rx,,RX,FI,28.63387,-80.72536,2350,,{10BD8838-8316-4808-A8C4-E8EDF9F91B2F},,0,0,0,0,0,0,,1,000015,1610230773000,,,,Brevard,FLFIC,12009,,,,Private,Private,,,,,,,SA49,FWS,FLMIR,US-FL,,,,,,2021-FLMIR-000015,No Decision,wildcad,wildcad,,,,,,{D1B7233B-C7EF-4A5A-99CB-27CB36C8B3FA},2021/01/09 22:19:32,2021/01/06 22:09:55
-110.4542,33.38883,199743,,DEFAULT,,,,1609977766013,24.6,6,AZPHC,,,,,,,,Human,,,NS09,,2021/01/06 22:51:59,,,,,,,PA,1522,SWCC,,,,,,Wash,,WF,FI,33.38274,-110.4478,7,,{859A94EA-B797-4AED-AB5D-F7F6FA497988},,0,1,0,0,0,1,,1,000033,1610043693203,,,,Gila,AZPHC,04007,BIA,AZSCA,,BIA,Federal,,,,,,,SW06N,BIA,AZSCA,US-AZ,,,,,,2021-AZSCA-000033,No Decision,wildcad,wildcad,,,,,,{D01FC869-9562-4620-8C9E-921D60C5C7F3},2021/01/07 18:21:33,2021/01/07 00:02:46
-81.09361,27.08309,199774,,DEFAULT,,,,1610042485553,0.1,1,FLFIC,,,,,,,,Unknown,,,NS1J,,2020/12/28 17:58:00,,,,,,,PA,1522,SACC,,,,,,Shoulder,,WF,FI,27.08309,-81.09361,0.1,,{494B3FA2-BF45-4D86-A577-869FDF9B417E},,0,1,0,0,0,0,,1,000022,1610403412097,,,,Glades,FLFIC,12043,BIA,FLSEA,,BIA,Federal,,,,,,,SA48,BIA,FLSEA,US-FL,,,,,,2020-FLSEA-000022,No Decision,wildcad,wildcad,,,,,,{44C3CCF8-1CE3-4AC1-BF25-4705AEF17573},2021/01/11 22:16:52,2021/01/07 18:01:25
-112.3747,46.47425,199812,,DEFAULT,,,,1610119139800,19,1,MTHDC,,,,,,,,Unknown,,,,,2021/01/06 19:26:34,,,,,,,,,NRCC,,,,,,Telegraph - 27 RX,,RX,FI,46.47425,-112.3747,,,{9F27BFFC-4799-42CE-A0CD-E68019F70809},,0,0,0,0,0,0,,1,000010,1610119139800,,,,Powell,MTHDC,30077,FS,MTHLF,,,,,,,,,,NR11,FS,MTHLF,US-MT,,,,,,2021-MTHLF-000010,No Decision,wildcad,wildcad,,,,,,{0B3CA72C-008D-4CD9-9D5B-8C0250C6B2D0},2021/01/08 15:18:59,2021/01/08 15:18:59
-110.8062,46.84866,199832,,DEFAULT,,,,1610139494163,15,1,MTGDC,,,,,,,,Unknown,,,,,2021/01/08 16:15:20,,,,,,,,,NRCC,,,,,,Moose Creek Piles,,RX,FI,46.84866,-110.8062,,,{E789C431-F22D-431E-AE8C-EC8F8755807C},,0,1,0,0,0,0,,1,005010,1610489047543,,,,Meagher,MTGDC,30059,FS,MTHLF,,,,,,,,,,NR11,FS,MTHLF,US-MT,,,,,,2021-MTHLF-005010,No Decision,wildcad,wildcad,,,,,,{E39C5B98-8797-4824-8812-C4F8141700FE},2021/01/12 22:04:07,2021/01/08 20:58:14
-117.88324,34.1204,199922,,DEFAULT,,,,1610341194997,,0.1,CALACC,,,,,,,,Unknown,,,,,2021/01/11 04:54:00,,,,,,,,,OSCC,,,,,,LAC-012627,,WF,FI,34.1204,-117.88324,,,{E7C85394-EC39-46E4-A3BE-74882ED6D744},,0,,,0,,,,1,012627,1610341212197,,,,Los Angeles,CALACC,06037,,,,Private,Private,,,,,,,SC08,C&L,CALAC,US-CA,,,,,,2021-CALAC-012627,No Decision,lacocad,wfdss,,,,,,{1C5B49E8-6AF7-492D-9651-D46A406C8815},2021/01/11 05:00:12,2021/01/11 04:59:54
-117.9979,34.07765,199923,,DEFAULT,,,,1610342636143,,0.1,CALACC,,,,,,,,Unknown,,,,,2021/01/11 05:17:02,,,,,,,,,OSCC,,,,,,LAC-012646,,WF,FI,34.07765,-117.9979,,,{71EA6AA9-EABE-4361-BF32-6A687A51ECCE},,0,,,0,,,,1,012646,1610342643703,,,,Los Angeles,CALACC,06037,,,,Private,Private,,,,,,,SC08,C&L,CALAC,US-CA,,,,,,2021-CALAC-012646,No Decision,lacocad,wfdss,,,,,,{F08DFE2E-A051-4B3C-B8F4-DB5A42B07831},2021/01/11 05:24:03,2021/01/11 05:23:56
-117.9854,34.09815,199924,,DEFAULT,,,,1610343954060,,0.1,CALACC,,,,,,,,Unknown,,,,,2021/01/11 05:38:37,,,,,,,,,OSCC,,,,,,LAC-012673,,WF,FI,34.09815,-117.9854,,,{A5789977-1F22-4C6E-BC71-0C7C3B9C2A16},,0,,,0,,,,1,012673,1610343983350,,,,Los Angeles,CALACC,06037,,,,Private,Private,,,,,,,SC08,C&L,CALAC,US-CA,,,,,,2021-CALAC-012673,No Decision,lacocad,wfdss,,,,,,{5CF80DA9-0A0C-421F-A600-839027F2AE60},2021/01/11 05:46:23,2021/01/11 05:45:54
-118.24769,33.82426,199925,,DEFAULT,,,,1610347673620,,0.1,CALACC,,,,,,,,Unknown,,,,,2021/01/11 06:40:47,,,,,,,,,OSCC,,,,,,LAC-012712,,WF,FI,33.82426,-118.24769,,,{D86CD7DE-4026-422E-9BF6-905036B49AC9},,0,,,0,,,,1,012712,1610347723133,,,,Los Angeles,CALACC,06037,,,,Private,Private,,,,,,,SC08,C&L,CALAC,US-CA,,,,,,2021-CALAC-012712,No Decision,lacocad,wfdss,,,,,,{B1AD2B83-574D-408D-A251-643D84486D78},2021/01/11 06:48:43,2021/01/11 06:47:53
-117.886,34.12079,199926,,DEFAULT,,,,1610377692573,,0.1,CALACC,,,,,,,,Unknown,,,,,2021/01/11 15:02:39,,,,,,,,,OSCC,,,,,,LAC-012973,,WF,FI,34.12079,-117.886,,,{6F74B51F-9E71-41E1-8534-5F10CEF7264C},,0,,,0,,,,1,012973,1610377735357,,,,Los Angeles,CALACC,06037,,,,Private,Private,,,,,,,SC08,C&L,CALAC,US-CA,,,,,,2021-CALAC-012973,No Decision,lacocad,wfdss,,,,,,{108CD2C2-EFDB-4533-8C4A-176D4AA31434},2021/01/11 15:08:55,2021/01/11 15:08:12
-113.0125,48.5572222220001,199927,,DEFAULT,,,,1610377916327,,,MTBFAC,,,,,,,,,,,NS3G,,2021/01/09 21:59:59,,,,,,,,,NRCC,,,,,,ALLEY,,WF,FI,,,,,{B1DD68AA-13D3-4BE4-9FFB-F3597A3A1896},,0,0,0,0,1,0,,1,000001,1610377967540,,,,Glacier,MTBFAC,30035,,MTBFT,,Tribal,Other,,,,,,,NR10,BIA,MTBFA,US-MT,,,,,,2021-MTBFA-000001,No Decision,firecode,wfdss,,,,,,{6EA123B5-235E-4A0B-A237-8630B55AE627},2021/01/11 15:12:47,2021/01/11 15:11:56
-113.015555556,48.5527777780001,199928,,DEFAULT,,,,1610377963033,,,MTBFAC,,,,,,,,,,,NS3H,,2021/01/10 00:59:59,,,,,,,,,NRCC,,,,,,PIZZA,,WF,FI,,,,,{01254BE2-8F7F-45E0-9BC7-260D44893012},,0,0,0,0,1,0,,1,000002,1610378036543,,,,Glacier,MTBFAC,30035,,MTBFT,,Tribal,Other,,,,,,,NR10,BIA,MTBFA,US-MT,,,,,,2021-MTBFA-000002,No Decision,firecode,wfdss,,,,,,{F83D6432-796E-4370-B27C-3F98B2E056EC},2021/01/11 15:13:56,2021/01/11 15:12:43
-113.015555556,48.5527777780001,199929,,DEFAULT,,,,1610377963563,,,MTBFAC,,,,,,,,,,,NS3J,,2021/01/10 00:59:59,,,,,,,,,NRCC,,,,,,PIZZA,,WF,FI,,,,,{A9FC8F45-89C0-47F4-BA37-5DF741D89195},,0,0,0,0,1,0,,1,000002,1610377963563,,,,Glacier,MTBFAC,30035,,MTBFT,,,,,,,,,,NR10,BIA,MTBFA,US-MT,,,,,,2021-MTBFA-000002,No Decision,firecode,firecode,,,,,,{4D816B57-EAD0-46BF-82C7-836A541DF3BA},2021/01/11 15:12:43,2021/01/11 15:12:43
-117.9788,44.03751,199930,,DEFAULT,,,,1610378199193,51,0.1,ORVAC,,,,,,,,Unknown,,,,,2021/01/11 15:13:03,,,,,,,,,NWCC,,,,,,JUNIPER SPRINGS,,RX,FI,44.03751,-117.9788,,,{28DC8FC2-80D2-4989-8513-B7DA43A6BE1E},,0,0,0,0,0,0,,1,000004,1610400750450,,,,Malheur,ORVAC,41045,BLM,ORVAD,,,,,,,,,,NW12,BLM,ORVAD,US-OR,,,,,,2021-ORVAD-000004,No Decision,wildcad,wildcad,,,,,,{8052953A-FB43-4815-906C-8CE3E858EB63},2021/01/11 21:32:30,2021/01/11 15:16:39
-118.3265,33.92545,199934,,DEFAULT,,,,1610384588890,,0.1,CALACC,,,,,,,,Unknown,,,,,2021/01/11 16:53:10,,,,,,,,,OSCC,,,,,,LAC-013057,,WF,FI,33.92545,-118.3265,,,{BE3ADAD5-3B19-4F82-893B-5CD9CC439DDB},,0,,,0,,,,1,013057,1610384642553,,,,Los Angeles,CALACC,06037,,,,Private,Private,,,,,,,SC08,C&L,CALAC,US-CA,,,,,,2021-CALAC-013057,No Decision,lacocad,wfdss,,,,,,{A903179B-921F-4396-B2B7-3C5E414072CB},2021/01/11 17:04:02,2021/01/11 17:03:08
-117.97124,33.98608,199935,,DEFAULT,,,,1610386498970,,0.1,CALACC,,,,,,,,Unknown,,,,,2021/01/11 17:26:21,,,,,,,,,OSCC,,,,,,LAC-013091,,WF,FI,33.98608,-117.97124,,,{1D062B09-2FA9-4054-9CAE-DE18853996CD},,0,,,0,,,,1,013091,1610386552400,,,,Los Angeles,CALACC,06037,,,,Private,Private,,,,,,,SC08,C&L,CALAC,US-CA,,,,,,2021-CALAC-013091,No Decision,lacocad,wfdss,,,,,,{982E31BC-2E36-45DD-B5C1-4A5829FF741C},2021/01/11 17:35:52,2021/01/11 17:34:58
-116.4129,32.86816,199939,,DEFAULT,,,,1610391666717,1,1,CAMVIC,,,,,,,,Unknown,,,,,2021/01/01 17:22:06,,,,,,,,,OSCC,,,,,,DRD DISTRICT WIDE PILE BURNING,,RX,FI,32.86816,-116.4129,,,{19D5257D-C9C7-4654-8EC4-846B9D0D0BA6},,0,0,0,0,0,0,,1,000010,1610391666717,,,,San Diego,CAMVIC,06073,FS,CACNF,,,,,,,,,,SC11,FS,CACNF,US-CA,,,,,,2021-CACNF-000010,No Decision,wildcad,wildcad,,,,,,{097EF34F-B118-49DA-9AB9-79B1B1CA7340},2021/01/11 19:01:06,2021/01/11 19:01:06
-116.8314,33.36235,199940,,DEFAULT,,,,1610391670923,1,1,CAMVIC,,,,,,,,Unknown,,,,,2021/01/06 01:19:02,,,,,,,,,OSCC,,,,,,PALOMAR MOUNTAIN PILES,,RX,FI,33.36235,-116.8314,,,{BF1DA540-79AB-46E1-A2D5-5A51B4B18822},,0,0,0,0,0,0,,1,000041,1610391670923,,,,San Diego,CAMVIC,06073,FS,CACNF,,,,,,,,,,SC11,FS,CACNF,US-CA,,,,,,2021-CACNF-000041,No Decision,wildcad,wildcad,,,,,,{599C06CC-2BD5-410B-AEF4-0D4E9470ED48},2021/01/11 19:01:10,2021/01/11 19:01:10
-116.7391,32.8317,199941,,DEFAULT,,,,1610391888687,1,1,CAMVIC,,,,,,,,Unknown,,,,,2021/01/01 17:20:42,,,,,,,,,OSCC,,,,,,DRD DISTRICT WIDE PILE BURNING ADMIN,,RX,FI,32.8317,-116.7391,,,{7D6F656E-7106-48A5-B650-CFBA041EF0AC},,0,0,0,0,0,0,,1,000009,1610391888687,,,,San Diego,CAMVIC,06073,,,,,,,,,,,,SC08,FS,CACNF,US-CA,,,,,,2021-CACNF-000009,No Decision,wildcad,wildcad,,,,,,{7529DE89-37AD-47E7-837B-69829FCC2941},2021/01/11 19:04:48,2021/01/11 19:04:48
-118.14938,34.01172,199943,,DEFAULT,,,,1610392712923,,0.1,CALACC,,,,,,,,Unknown,,,,,2021/01/11 19:12:37,,,,,,,,,OSCC,,,,,,LAC-013213,,WF,FI,34.01172,-118.14938,,,{8FF51EEF-AD0A-4A50-B33D-C7DC46A9D269},,0,,,0,,,,1,013213,1610392740060,,,,Los Angeles,CALACC,06037,,,,Private,Private,,,,,,,SC08,C&L,CALAC,US-CA,,,,,,2021-CALAC-013213,No Decision,lacocad,wfdss,,,,,,{871F0C2D-D368-4EF0-A770-4BE75F731168},2021/01/11 19:19:00,2021/01/11 19:18:32
-118.11522,34.57144,199947,,DEFAULT,,,,1610396317220,,0.1,CALACC,,,,,,,,Unknown,,,,,2021/01/11 20:12:14,,,,,,,,,OSCC,,,,,,LAC-013286,,WF,FI,34.57144,-118.11522,,,{4D3D572D-694D-4A75-94DE-D9319214E0DE},,0,,,0,,,,1,013286,1610396334580,,,,Los Angeles,CALACC,06037,,,,Private,Private,,,,,,,SC15,C&L,CALAC,US-CA,,,,,,2021-CALAC-013286,No Decision,lacocad,wfdss,,,,,,{FB9C9F25-D27C-42C6-BE5C-C787DE98BCDD},2021/01/11 20:18:54,2021/01/11 20:18:37
-118.36753,33.92272,199949,,DEFAULT,,,,1610399212607,,0.1,CALACC,,,,,,,,Unknown,,,,,2021/01/11 20:58:48,,,,,,,,,OSCC,,,,,,LAC-013340,,WF,FI,33.92272,-118.36753,,,{D2A581F7-9708-4D60-A467-41914D65ED15},,0,,,0,,,,1,013340,1610399235097,,,,Los Angeles,CALACC,06037,,,,Private,Private,,,,,,,SC08,C&L,CALAC,US-CA,,,,,,2021-CALAC-013340,No Decision,lacocad,wfdss,,,,,,{1D9C9C05-DBEF-4C42-9345-08CC36156129},2021/01/11 21:07:15,2021/01/11 21:06:52
-117.076326,33.736473,199950,,DEFAULT,,,,1610401067387,,0.1,CARRCC,,,,,,,,Unknown,,,,,2021/01/11 21:32:13,,,,,,,,,OSCC,,,,,,CAT,,WF,FI,33.736473,-117.076326,,,{23FE9893-4886-4576-B870-38586BE5A170},,0,0,0,0,0,0,,1,005865,1610401089680,,,,Riverside,CARRCC,06065,,,,Private,Private,,,,,,,SC08,CDF,CARRU,US-CA,,,,,,2021-CARRU-005865,No Decision,cfcad,wfdss,,,,,,{03744EE9-5355-4FB6-95AC-8ACED8BFF5D7},2021/01/11 21:38:09,2021/01/11 21:37:47
-117.73154,34.02472,199952,,DEFAULT,,,,1610404134480,,0.1,CALACC,,,,,,,,Unknown,,,,,2021/01/11 22:19:56,,,,,,,,,OSCC,,,,,,LAC-013442,,WF,FI,34.02472,-117.73154,,,{AC14E6B5-6B05-410C-BEA2-AAF5DA2D0B7A},,0,,,0,,,,1,013442,1610404179343,,,,Los Angeles,CALACC,06037,,,,Private,Private,,,,,,,SC08,C&L,CALAC,US-CA,,,,,,2021-CALAC-013442,No Decision,lacocad,wfdss,,,,,,{12805C0B-7439-4C3B-B717-C3EC1293D90A},2021/01/11 22:29:39,2021/01/11 22:28:54
-118.18531,34.80594,199953,,DEFAULT,,,,1610404832707,,0.1,CALACC,,,,,,,,Unknown,,,,,2021/01/11 22:31:38,,,,,,,,,OSCC,,,,,,LAC-013458,,WF,FI,34.80594,-118.18531,,,{E4B898A2-564E-4D80-B71C-F19D40ADCF3C},,0,,,0,,,,1,013458,1610404851877,,,,Los Angeles,CALACC,06037,,,,Private,Private,,,,,,,SC15,C&L,CALAC,US-CA,,,,,,2021-CALAC-013458,No Decision,lacocad,wfdss,,,,,,{C7611BEB-3D07-46DB-91FF-9486F43D4281},2021/01/11 22:40:51,2021/01/11 22:40:32
-118.14938,34.01172,199955,,DEFAULT,,,,1610405902230,,0.1,CALACC,,,,,,,,Unknown,,,,,2021/01/11 22:51:52,,,,,,,,,OSCC,,,,,,LAC-013487,,WF,FI,34.01172,-118.14938,,,{2611A8FF-B4A2-4C20-BB14-4A87AB3710C2},,0,,,0,,,,1,013487,1610405928497,,,,Los Angeles,CALACC,06037,,,,Private,Private,,,,,,,SC08,C&L,CALAC,US-CA,,,,,,2021-CALAC-013487,No Decision,lacocad,wfdss,,,,,,{8E785625-D6B7-4BF5-B03C-7B35A8FFD9B1},2021/01/11 22:58:48,2021/01/11 22:58:22
-120.6041667,35.4186111,199957,,DEFAULT,,,,1610407899203,,,CASLCC,,,,,,,,,,,,,2021/01/11 23:07:59,,,,,,,,,OSCC,,,,,,PINE,,WF,FI,,,,,{CD7CA0B2-C178-4B28-B812-5248A0992DFF},,0,,,0,,,,1,000514,1610407939003,,,,San Luis Obispo,CASLCC,06079,,,,Private,Private,,,,,,,SC06,CDF,CASLU,US-CA,,,,,,2021-CASLU-000514,No Decision,IROC,IROC,,,,,,{D9D502B9-933B-4107-AFDD-BA6A5C763AC0},2021/01/11 23:32:19,2021/01/11 23:31:39
-117.98211,34.10959,199958,,DEFAULT,,,,1610409631670,,0.1,CALACC,,,,,,,,Unknown,,,,,2021/01/11 23:53:32,,,,,,,,,OSCC,,,,,,LAC-013564,,WF,FI,34.11492,-117.97805,,,{7FB7901C-75B3-4F29-BE16-BF2C975A1728},,0,,,0,,,,1,013564,1610409873623,,,,Los Angeles,CALACC,06037,,,,Private,Private,,,,,,,SC08,C&L,CALAC,US-CA,,,,,,2021-CALAC-013564,No Decision,lacocad,lacocad,,,,,,{553D1AFA-071E-4EF5-842E-D1DD95B0FB94},2021/01/12 00:04:33,2021/01/12 00:00:31
-116.754745,32.748308,199960,,DEFAULT,,,,1610410111960,,0.1,CAMVIC,,,,,,,,Unknown,,,NS30,,2021/01/12 00:08:21,,,,,,,PN,1522,OSCC,,,,,,EXPOSITION,,WF,FI,32.748308,-116.754745,,,{47A96ECA-34C3-4579-91A6-08DE7AEFFEB8},,0,1,1,0,1,0,,1,000838,1610411608043,,,,San Diego,CAMVIC,06073,,,,Private,Private,,,,,,,SC11,CDF,CAMVU,US-CA,,,,,,2021-CAMVU-000838,No Decision,cfcad,cfcad,,,,,,{67C20D49-CCD0-4190-9C26-33A52B2099C9},2021/01/12 00:33:28,2021/01/12 00:08:31
-117.1671,34.62664,199963,,DEFAULT,,,,1610418613333,0.1,1,CASBCC,,,,,,,,Unknown,,,NS32,,2021/01/12 00:52:00,,,,,,,,,OSCC,,,,,,RV,,WF,FI,34.62567,-117.2041,,,{9EE1571E-975F-4259-B8E0-65F0C277B05B},,0,1,0,0,0,1,,1,000971,1610418690883,,,,San Bernardino,CASBCC,06071,,,,Private,Private,,,,,,,SC14,BLM,CACDD,US-CA,,,,,,2021-CACDD-000971,No Decision,wildcad,wildcad,,,,,,{FD1269A9-AE65-4E55-9EBF-23C69DA108A4},2021/01/12 02:31:30,2021/01/12 02:30:13
-118.22814,33.82538,199964,,DEFAULT,,,,1610419197893,,0.1,CALACC,,,,,,,,Unknown,,,,,2021/01/12 02:32:47,,,,,,,,,OSCC,,,,,,LAC-013753,,WF,FI,33.82538,-118.22814,,,{0CAB8EF1-261B-4AC3-B305-E41BA53F3D2F},,0,,,0,,,,1,013753,1610419220030,,,,Los Angeles,CALACC,06037,,,,Private,Private,,,,,,,SC08,C&L,CALAC,US-CA,,,,,,2021-CALAC-013753,No Decision,lacocad,wfdss,,,,,,{63EE178A-1301-4353-ADBB-4BB5B626DB6C},2021/01/12 02:40:20,2021/01/12 02:39:57
-118.1367,34.69652,199966,,DEFAULT,,,,1610433836297,,0.1,CALACC,,,,,,,,Unknown,,,,,2021/01/12 06:37:32,,,,,,,,,OSCC,,,,,,LAC-013981,,WF,FI,34.69811,-118.13499,,,{D65479C9-FE0D-4F7C-966F-582A4DAA5F5E},,0,,,0,,,,1,013981,1610434074447,,,,Los Angeles,CALACC,06037,,,,Private,Private,,,,,,,SC15,C&L,CALAC,US-CA,,,,,,2021-CALAC-013981,No Decision,lacocad,lacocad,,,,,,{DDCB8787-AB0F-4892-AF74-41C0C63CD4BA},2021/01/12 06:47:54,2021/01/12 06:43:56
-118.15761,33.96702,199968,,DEFAULT,,,,1610465419510,,0.1,CALACC,,,,,,,,Unknown,,,,,2021/01/12 15:21:32,,,,,,,,,OSCC,,,,,,LAC-014258,,WF,FI,33.96702,-118.15761,,,{B6B56FBF-EFF0-4602-9534-C5C310E9E3FC},,0,,,0,,,,1,014258,1610465437827,,,,Los Angeles,CALACC,06037,,,,Private,Private,,,,,,,SC08,C&L,CALAC,US-CA,,,,,,2021-CALAC-014258,No Decision,lacocad,wfdss,,,,,,{05DA9CA8-32A0-4650-B2F1-6B0DBEE6B7BA},2021/01/12 15:30:37,2021/01/12 15:30:19
-106.5927,35.79622,199970,,DEFAULT,,,,1610468683227,45,1,NMSFC,,,,,,,,Unknown,,,,,2021/01/02 15:24:42,,,,,,,,,SWCC,,,,,,Hillside Pile Unit,,RX,FI,35.79622,-106.5927,45,,{32FE6439-A6C8-4839-98D5-189FCC7ACB97},,0,0,0,0,0,0,,1,000012,1610470245403,,,,Sandoval,NMSFC,35043,FS,NMSNF,,,,,,,,,,SW07,FS,NMSNF,US-NM,,,,,,2021-NMSNF-000012,No Decision,wildcad,wildcad,,,,,,{C66574F1-9F70-4A6B-BB1D-DBB06F518B35},2021/01/12 16:50:45,2021/01/12 16:24:43
-106.5996,35.82156,199971,,DEFAULT,,,,1610468690017,212,1,NMSFC,,,,,,,,Unknown,,,,,2021/01/06 15:09:50,,,,,,,,,SWCC,,,,,,East Fork Pile RX,,RX,FI,35.82156,-106.5996,,,{6E9EA1A4-53A6-4F2F-BBAD-D5375C5139AB},,0,0,0,0,0,0,,1,000013,1610470115693,,,,Sandoval,NMSFC,35043,FS,NMSNF,,,,,,,,,,SW07,FS,NMSNF,US-NM,,,,,,2021-NMSNF-000013,No Decision,wildcad,wildcad,,,,,,{1AB74760-17FC-4C1E-8448-0D12E428E72B},2021/01/12 16:48:35,2021/01/12 16:24:50
-105.8472,35.78361,199972,,DEFAULT,,,,1610468700583,1,1,NMSFC,,,,,,,,Unknown,,,,,2021/01/12 15:54:06,,,,,,,,,SWCC,,,,,,Pacheco Pile RX,,RX,FI,35.78361,-105.8472,,,{E50A245F-9069-4B7C-A011-F2F7AE2703A0},,0,0,0,0,0,0,,1,000014,1610470110260,,,,Santa Fe,NMSFC,35049,FS,NMSNF,,,,,,,,,,SW10,FS,NMSNF,US-NM,,,,,,2021-NMSNF-000014,No Decision,wildcad,wildcad,,,,,,{47CF1A71-35AD-4ECD-9AA4-700DAE52A259},2021/01/12 16:48:30,2021/01/12 16:25:00
-106.5734,35.9522,199973,,DEFAULT,,,,1610470320503,234,1,NMSFC,,,,,,,,Unknown,,,,,2021/01/12 16:47:46,,,,,,,,,SWCC,,,,,,Seco 9 RX,,RX,FI,35.9522,-106.5734,400,,{081ACC8B-00D1-4E0C-9DB2-13C6369DDDB0},,0,0,0,0,0,0,,1,000011,1610471599940,,,,Sandoval,NMSFC,35043,NPS,NMVCP,,,,,,,,,,SW07,NPS,NMVCP,US-NM,,,,,,2021-NMVCP-000011,No Decision,wildcad,wildcad,,,,,,{0503C45C-4E4B-43CE-8765-8799ED67001C},2021/01/12 17:13:19,2021/01/12 16:52:00
-96.00214,35.64371,199975,,DEFAULT,,,,1610474147857,0.5,1,ARAOC,,,,,,,,Unknown,,,,,2021/01/12 16:56:44,,,,,,,,,SACC,,,,,,Pile Burn,,RX,FI,35.64371,-96.00214,0.5,,{E83222BD-CBB8-453D-AF1F-3726C3BEBBD3},,0,0,0,0,0,0,,1,000038,1610474154863,,,,Okmulgee,ARAOC,40111,FWS,OKDFR,,,,,,,,,,SA17A,FWS,OKDFR,US-OK,,,,,,2021-OKDFR-000038,No Decision,wildcad,wildcad,,,,,,{B1C0B88F-8B09-4252-9682-6345C149298C},2021/01/12 17:55:54,2021/01/12 17:55:47
-118.371,33.9666,199978,,DEFAULT,,,,1610475522430,,0.1,CALACC,,,,,,,,Unknown,,,,,2021/01/12 18:11:51,,,,,,,,,OSCC,,,,,,LAC-014416,,WF,FI,33.94543,-118.3685,,,{D80C862E-CB12-4AF1-8767-324E317965BE},,0,,,0,,,,1,014416,1610476730653,,,,Los Angeles,CALACC,06037,,,,Private,Private,,,,,,,SC08,C&L,CALAC,US-CA,,,,,,2021-CALAC-014416,No Decision,lacocad,lacocad,,,,,,{10A652A3-495A-418E-805A-2889B026E3A7},2021/01/12 18:38:50,2021/01/12 18:18:42
-109.7052,32.35537,199979,,DEFAULT,,,,1610475586973,0.25,0.3,AZADC,,,,,,,,Human,,,NS36,,2021/01/12 15:59:59,,,,,,,PN,1522,SWCC,,,,,,HAY,,WF,FI,32.3531,-109.7212,0.25,,{C8CEE43A-BC02-4FAA-97FF-45FAEB168371},,0,0,0,0,0,0,,1,000044,1610483436317,,,,Cochise,AZTDC,04003,SF,AZA3S,,State,Other,,,,,,,SW06S,SF,AZA3S,US-AZ,,,,,,2021-AZA3S-000044,No Decision,wildcad,wildcad,,,,,,{6CB4CDB6-A26B-4AA5-866C-030FB33F39A9},2021/01/12 20:30:36,2021/01/12 18:19:46
-116.806818,33.869961,199980,,DEFAULT,,,,1610475961477,,0.1,CARRCC,,,,,,,,Unknown,,,,,2021/01/12 18:25:50,,,,,,,,,OSCC,,,,,,WONDER,,WF,FI,33.869961,-116.806818,,,{BD6EAC53-44FF-4EBA-9FDC-9936F10944B2},,0,,,0,,,,1,006277,1610476155507,,,,Riverside,CARRCC,06065,,,,Private,Private,,,,,,,SC11,CDF,CARRU,US-CA,,,,,,2021-CARRU-006277,No Decision,cfcad,cfcad,,,,,,{D589B399-495E-473E-A1CC-D61D63CA611E},2021/01/12 18:29:15,2021/01/12 18:26:01
-119.986903,37.500822,199982,,DEFAULT,,,,1610477645913,,0.1,CAMMCC,,,,,,,,Unknown,,,,,2021/01/12 18:53:59,,,,,,,,,OSCC,,,,,,HWY 49  N MPUD 2,,WF,FI,37.500822,-119.986903,,,{D84FD886-C572-4687-9B92-45E244D39BC4},,0,,,0,,,,1,000812,1610477692837,,,,Mariposa,CAMMCC,06043,,,,Private,Private,,,,,,,SC04,CDF,CAMMU,US-CA,,,,,,2021-CAMMU-000812,No Decision,cfcad,cfcad,,,,,,{78DF9938-DB81-4CE5-BB64-5994E7D4811C},2021/01/12 18:54:52,2021/01/12 18:54:05
-108.2497222,32.7925,199984,,DEFAULT,,,,1610480667207,,,NMSDC,,,,,,,,,,,,,2021/01/01 06:59:59,,,,,,,,,SWCC,,,,,,2021 GILA ABCD MISC,,WF,FI,,,,,{26C540CC-0F37-4406-8C43-D97229FB7912},,0,,,0,,,,1,000001,1610480714100,,,,Grant,NMSDC,35017,,,,Private,Private,,,,,,,SW08,FS,NMGNF,US-NM,,,,,,2021-NMGNF-000001,No Decision,IROC,wfdss,,,,,,{0AD4908B-7408-483E-AB1E-F3B30E7D1868},2021/01/12 19:45:14,2021/01/12 19:44:27
-118.07076,34.0627,199985,,DEFAULT,,,,1610482127123,,0.1,CALACC,,,,,,,,Unknown,,,,,2021/01/12 19:33:14,,,,,,,,,OSCC,,,,,,LAC-014518,,WF,FI,34.0627,-118.07076,,,{9B445FEE-4916-43F3-A7B9-C6DFBA661AF8},,0,,,0,,,,1,014518,1610482181160,,,,Los Angeles,CALACC,06037,,,,Private,Private,,,,,,,SC08,C&L,CALAC,US-CA,,,,,,2021-CALAC-014518,No Decision,lacocad,wfdss,,,,,,{629F0730-6068-48CE-9656-BF072A7988E0},2021/01/12 20:09:41,2021/01/12 20:08:47
-94.233333333,29.6613888890001,199986,,DEFAULT,,,,1610483025340,,,TXTIC,,,,,,,,,,,NS38,,2021/01/09 20:19:00,,,,,,,,,SACC,,,,,,WF UNIT 1 NORTH B,,WF,FI,,,,,{49BACA0F-CA00-4A4A-9103-D0C6CC1C7544},,0,1,0,0,1,0,,1,210001,1610483068507,,,,Jefferson,TXTIC,48245,FWS,TXMCR,,USFWS,Federal,,,,,,,SA13,FWS,TXMCR,US-TX,,,,,,2021-TXMCR-210001,No Decision,firecode,wfdss,,,,,,{A7CD5906-7998-468F-BF2C-F4F66BDFE91E},2021/01/12 20:24:28,2021/01/12 20:23:45
-94.230277778,29.647777778,199987,,DEFAULT,,,,1610483131940,,,TXTIC,,,,,,,,,,,NS39,,2021/01/09 16:30:00,,,,,,,,,SACC,,,,,,WF UNIT 1 NORTH C,,WF,FI,,,,,{93DDCD99-0C4A-46ED-81F5-1F1FC51009D8},,0,1,0,0,1,0,,1,210002,1610483188167,,,,Jefferson,TXTIC,48245,FWS,TXMCR,,USFWS,Federal,,,,,,,SA13,FWS,TXMCR,US-TX,,,,,,2021-TXMCR-210002,No Decision,firecode,wfdss,,,,,,{50EBC7A8-EE45-4523-A65E-497924EBF75F},2021/01/12 20:26:28,2021/01/12 20:25:31
-94.230833333,29.654166667,199988,,DEFAULT,,,,1610483249100,,,TXTIC,,,,,,,,,,,NS4A,,2021/01/09 16:40:00,,,,,,,,,SACC,,,,,,WF UNIT 1 NORTH D,,WF,FI,,,,,{60D84047-7FF3-4307-9863-ACAE6E7C6678},,0,1,0,0,1,0,,1,210003,1610483302167,,,,Jefferson,TXTIC,48245,FWS,TXMCR,,USFWS,Federal,,,,,,,SA13,FWS,TXMCR,US-TX,,,,,,2021-TXMCR-210003,No Decision,firecode,wfdss,,,,,,{77A6EB4C-2394-45B9-A488-875392E4DD73},2021/01/12 20:28:22,2021/01/12 20:27:29
-94.1897222219999,29.6822222220001,199989,,DEFAULT,,,,1610483398927,,,TXTIC,,,,,,,,,,,NS4C,,2021/01/09 16:44:59,,,,,,,,,SACC,,,,,,WF UNIT 2 NORTH,,WF,FI,,,,,{1A1B9C18-CAC5-4A17-8ACF-EE8238BAFD86},,0,1,0,0,1,0,,1,210004,1610483510710,,,,Jefferson,TXTIC,48245,FWS,TXMCR,,USFWS,Federal,,,,,,,SA13,FWS,TXMCR,US-TX,,,,,,2021-TXMCR-210004,No Decision,firecode,wfdss,,,,,,{089AB2FC-5186-4FE3-91C8-A2C2CB031BB4},2021/01/12 20:31:50,2021/01/12 20:29:58
-120.451743,38.429572,199991,,DEFAULT,,,,1610485537077,,0.1,CATCCC,,,,,,,,Unknown,,,,,2021/01/12 16:53:14,,,,,,,,,OSCC,,,,,,WINTON/SCHAADS VMP,,RX,FI,38.429572,-120.451743,,,{BA569AED-5DB7-43B5-82EC-5F0D79889B7F},,0,0,0,0,0,0,,1,000529,1610485537077,,,,Calaveras,CATCCC,06009,,,,,,,,,,,,SC04,CDF,CATCU,US-CA,,,,,,2021-CATCU-000529,No Decision,cfcad,cfcad,,,,,,{57644CF7-F2B3-4F26-B994-EC39043A4C6C},2021/01/12 21:05:37,2021/01/12 21:05:37
-116.953433,33.470055,199996,,DEFAULT,,,,1610490827983,,0.1,CARRCC,,,,,,,,Unknown,,,,,2021/01/12 22:33:40,,,,,,,,,OSCC,,,,,,LAKE,,WF,FI,33.470055,-116.953433,,,{187D5CB4-B73E-4382-9BEC-05FA5AAA2B62},,0,,,0,,,,1,006414,1610570493460,,,,Riverside,CARRCC,06065,,,,Private,Private,,,,,,,SC11,CDF,CARRU,US-CA,,,,,,2021-CARRU-006414,No Decision,cfcad,cfcad,,,,,,{2439DF9E-AB5B-42D6-8682-F9DA38CBBBF4},2021/01/13 20:41:33,2021/01/12 22:33:47
-118.14876,34.69345,199998,,DEFAULT,,,,1610491238830,,0.1,CALACC,,,,,,,,Unknown,,,,,2021/01/12 22:32:14,,,,,,,,,OSCC,,,,,,LAC-014743,,WF,FI,34.69345,-118.14876,,,{AA593DCF-5181-4B24-89C3-153738EBF76D},,0,,,0,,,,1,014743,1610491270533,,,,Los Angeles,CALACC,06037,,,,Private,Private,,,,,,,SC15,C&L,CALAC,US-CA,,,,,,2021-CALAC-014743,No Decision,lacocad,wfdss,,,,,,{7821F1DD-138C-42BD-9CDF-5D6BFED7A43F},2021/01/12 22:41:10,2021/01/12 22:40:38
-117.306373,33.956399,200004,,DEFAULT,,,,1610495639663,,0.1,CARRCC,,,,,,,,Unknown,,,NS48,,2021/01/12 23:47:02,,,,,,,,,OSCC,,,,,,TRAIN,,WF,FI,33.956399,-117.306373,,,{6EF9325D-DF62-4281-93BA-3E5EDD371199},,0,1,0,0,0,0,,1,006462,1610570561737,,,,Riverside,CARRCC,06065,,,,Private,Private,,,,,,,SC08,CDF,CARRU,US-CA,,,,,,2021-CARRU-006462,No Decision,cfcad,firecode,,,,,,{7F0F73A6-0AF9-4234-974D-206D06943AC8},2021/01/13 20:42:41,2021/01/12 23:53:59
-118.3693,33.9616,200008,,DEFAULT,,,,1610498651657,,0.1,CALACC,,,,,,,,Unknown,,,,,2021/01/13 00:37:24,,,,,,,,,OSCC,,,,,,LAC-014889,,WF,FI,33.9616,-118.3693,,,{EF873AFB-130B-4E9D-A15A-7D21207A9197},,0,,,0,,,,1,014889,1610498679647,,,,Los Angeles,CALACC,06037,,,,Private,Private,,,,,,,SC08,C&L,CALAC,US-CA,,,,,,2021-CALAC-014889,No Decision,lacocad,wfdss,,,,,,{4FE015B5-3335-4D89-8AC8-FF3ABF843E19},2021/01/13 00:44:39,2021/01/13 00:44:11
-118.5034,34.36507,200009,,DEFAULT,,,,1610500448807,,0.1,CALACC,,,,,,,,Unknown,,,,,2021/01/13 01:07:11,,,,,,,,,OSCC,,,,,,LAC-014931,,WF,FI,34.36507,-118.5034,,,{1CD78E5B-5A01-4632-8E4C-6E44D8B6DC19},,0,,,0,,,,1,014931,1610500484923,,,,Los Angeles,CALACC,06037,,,,Private,Private,,,,,,,SC09,C&L,CALAC,US-CA,,,,,,2021-CALAC-014931,No Decision,lacocad,wfdss,,,,,,{9F2E51B2-823D-46C9-BA50-DC098E3D19C3},2021/01/13 01:14:44,2021/01/13 01:14:08
-118.09047,34.06268,200010,,DEFAULT,,,,1610503448557,,0.1,CALACC,,,,,,,,Unknown,,,,,2021/01/13 01:58:37,,,,,,,,,OSCC,,,,,,LAC-014988,,WF,FI,34.06268,-118.09047,,,{3A85E62E-2F81-42E4-9084-F1E89D9F6139},,0,,,0,,,,1,014988,1610503482003,,,,Los Angeles,CALACC,06037,,,,Private,Private,,,,,,,SC08,C&L,CALAC,US-CA,,,,,,2021-CALAC-014988,No Decision,lacocad,wfdss,,,,,,{021225A9-60D0-4E39-BB42-E5C5394C9B36},2021/01/13 02:04:42,2021/01/13 02:04:08
-117.056187,33.554918,200017,,DEFAULT,,,,1610510009690,,0.1,CARRCC,,,,,,,,Unknown,,,,,2021/01/13 03:53:10,,,,,,,,,OSCC,,,,,,BUCK RD  MURR,,WF,FI,33.554918,-117.056187,,,{64F8F34B-4A02-4BA9-8230-FAB76CDDEB0D},,0,,,0,,,,1,006592,1610510037093,,,,Riverside,CARRCC,06065,,,,Private,Private,,,,,,,SC08,CDF,CARRU,US-CA,,,,,,2021-CARRU-006592,No Decision,cfcad,wfdss,,,,,,{415702C8-A946-46DA-8DB4-2778453391BC},2021/01/13 03:53:57,2021/01/13 03:53:29
-118.6879,34.56975,200018,,DEFAULT,,,,1610515194550,,0.1,CALACC,,,,,,,,Unknown,,,,,2021/01/13 05:12:33,,,,,,,,,OSCC,,,,,,LAC-015182,,WF,FI,34.56975,-118.6879,,,{4B6F38AD-16B0-4607-8DD1-634621595E31},,0,,,0,,,,1,015182,1610515241613,,,,Los Angeles,CAANCC,06037,,,,Private,Private,,,,,,,SC09,C&L,CALAC,US-CA,,,,,,2021-CALAC-015182,No Decision,lacocad,wfdss,,,,,,{8B45A8CF-D8B8-4A24-8E0E-816668A11F44},2021/01/13 05:20:41,2021/01/13 05:19:54
-116.947289,34.441367,200019,,DEFAULT,,,,1610517543157,,0.1,CABDCC,,,,,,,,Unknown,,,,,2021/01/13 05:58:59,,,,,,,,,OSCC,,,,,,HWY 18   LUCERNE_VALLEY,,WF,FI,34.441367,-116.947289,,,{33C0C0D4-1F50-4006-9665-2652F744035F},,0,,,0,,,,1,000636,1610517945217,,,,San Bernardino,CASBCC,06071,,,,Private,Private,,,,,,,SC14,CDF,CABDU,US-CA,,,,,,2021-CABDU-000636,No Decision,cfcad,cfcad,,,,,,{00A1C3E7-BDBA-4BD6-A801-1A83BB5723DE},2021/01/13 06:05:45,2021/01/13 05:59:03
-118.1884,33.89114,200020,,DEFAULT,,,,1610524679743,,0.1,CALACC,,,,,,,,Unknown,,,,,2021/01/13 07:51:34,,,,,,,,,OSCC,,,,,,LAC-015286,,WF,FI,33.89114,-118.1884,,,{B549A724-5007-4587-8736-46F2F5ED9E8C},,0,,,0,,,,1,015286,1610524726860,,,,Los Angeles,CALACC,06037,,,,Private,Private,,,,,,,SC08,C&L,CALAC,US-CA,,,,,,2021-CALAC-015286,No Decision,lacocad,wfdss,,,,,,{A7CCC6D8-DC0B-41FE-920C-C450C3C9C597},2021/01/13 07:58:46,2021/01/13 07:57:59
-118.36081,33.93149,200021,,DEFAULT,,,,1610530443897,,0.1,CALACC,,,,,,,,Unknown,,,,,2021/01/13 09:27:29,,,,,,,,,OSCC,,,,,,LAC-015342,,WF,FI,33.93149,-118.36081,,,{DEE7508B-6946-480A-8FD9-8A75CDAECD6F},,0,,,0,,,,1,015342,1610530455950,,,,Los Angeles,CALACC,06037,,,,Private,Private,,,,,,,SC08,C&L,CALAC,US-CA,,,,,,2021-CALAC-015342,No Decision,lacocad,wfdss,,,,,,{4CF42E17-CCC4-40E1-87D0-613194702B33},2021/01/13 09:34:15,2021/01/13 09:34:03
-118.36778,33.92394,200022,,DEFAULT,,,,1610536198817,,0.1,CALACC,,,,,,,,Unknown,,,,,2021/01/13 11:04:02,,,,,,,,,OSCC,,,,,,LAC-015375,,WF,FI,33.92394,-118.36778,,,{3DA4ADDC-B05A-49A3-BEDB-1235252B4A1A},,0,,,0,,,,1,015375,1610536212420,,,,Los Angeles,CALACC,06037,,,,Private,Private,,,,,,,SC08,C&L,CALAC,US-CA,,,,,,2021-CALAC-015375,No Decision,lacocad,wfdss,,,,,,{ABF1532C-D570-48AE-A8E3-33EFA8C78DBE},2021/01/13 11:10:12,2021/01/13 11:09:58
-118.15729,34.71866,200023,,DEFAULT,,,,1610537758393,,0.1,CALACC,,,,,,,,Unknown,,,,,2021/01/13 11:29:58,,,,,,,,,OSCC,,,,,,LAC-015390,,WF,FI,34.71866,-118.15729,,,{EADCAD93-1C17-4F69-98E9-B00E3BF6AB7B},,0,,,0,,,,1,015390,1610537784157,,,,Los Angeles,CALACC,06037,,,,Private,Private,,,,,,,SC15,C&L,CALAC,US-CA,,,,,,2021-CALAC-015390,No Decision,lacocad,wfdss,,,,,,{7D766400-7643-44ED-A02C-1265F69B6E87},2021/01/13 11:36:24,2021/01/13 11:35:58
-118.14797,34.69445,200024,,DEFAULT,,,,1610542081853,,0.1,CALACC,,,,,,,,Unknown,,,,,2021/01/13 12:41:57,,,,,,,,,OSCC,,,,,,LAC-015429,,WF,FI,34.69445,-118.14797,,,{D2F0B2C0-30B1-443C-B06B-F7C060812377},,0,,,0,,,,1,015429,1610542121050,,,,Los Angeles,CALACC,06037,,,,Private,Private,,,,,,,SC15,C&L,CALAC,US-CA,,,,,,2021-CALAC-015429,No Decision,lacocad,wfdss,,,,,,{5A9E8AD3-EE78-426F-BD25-84A8C607D8AA},2021/01/13 12:48:41,2021/01/13 12:48:01
-81.6969444,33.3655556,200030,,DEFAULT,,,,1610550088360,,,SCSRC,,,,,,,,,,,,,2021/01/13 11:48:59,,,,,,,,,SACC,,,,,,SC-SRF-210005,,RX,FI,,,,,{802D58B9-CE23-4831-9C94-2CC0E0801616},,0,,,0,,,,1,000001,1610551506713,,,,Aiken,SCSCC,45003,FS,SCSRF,,,,,,,,,,SA35,FS,SCSRF,US-SC,,,,,,2021-SCSRF-000001,No Decision,IROC,IROC,,,,,,{D06A3621-BE98-4B37-9F3E-9B1B5DA68532},2021/01/13 15:25:06,2021/01/13 15:01:28
-81.6969444,33.3655556,200032,,DEFAULT,,,,1610550646903,,,SCSRC,,,,,,,,,,,,,2021/01/13 15:06:00,,,,,,,,,SACC,,,,,,SC-SRF-000002,,RX,FI,,,,,{A9F5FA9B-5075-44FE-B534-4EEEB7AD96C7},,0,,,0,,,,1,000002,1610550646903,,,,Aiken,SCSCC,45003,FS,SCSRF,,,,,,,,,,SA35,FS,SCSRF,US-SC,,,,,,2021-SCSRF-000002,No Decision,IROC,IROC,,,,,,{3C002A4B-61B8-4B0E-BAA7-83FDE76F93FC},2021/01/13 15:10:46,2021/01/13 15:10:46
-110.3825,35.836666667,200033,,DEFAULT,,,,1610551366623,,,AZFDC,,,,,,,,,,,NS4T,,2021/01/12 20:19:59,,,,,,,,,SWCC,,,,,,COYOTE SPRING,,WF,FI,,,,,{98F26097-20B7-452A-961C-061944348AB1},,0,1,0,0,0,0,,1,000001,1610551440443,,,,Navajo,AZFDC,04017,BIA,AZHOA,,BIA,Federal,,,,,,,SW04,BIA,AZHOA,US-AZ,,,,,,2021-AZHOA-000001,No Decision,firecode,wfdss,,,,,,{897743B4-4C51-4C5D-861B-7C17E96DD420},2021/01/13 15:24:00,2021/01/13 15:22:46
-118.1302,34.675,200034,,DEFAULT,,,,1610554123163,,0.1,CALACC,,,,,,,,Unknown,,,,,2021/01/13 16:00:58,,,,,,,,,OSCC,,,,,,LAC-015539,,WF,FI,34.675,-118.1302,,,{891163DC-87F8-4239-9FFE-A0C1256658E5},,0,,,0,,,,1,015539,1610554160197,,,,Los Angeles,CALACC,06037,,,,Private,Private,,,,,,,SC15,C&L,CALAC,US-CA,,,,,,2021-CALAC-015539,No Decision,lacocad,wfdss,,,,,,{1C333CEE-E5F5-4453-8D20-6F74EEDB42FE},2021/01/13 16:09:20,2021/01/13 16:08:43
-117.188292,33.962361,200040,,DEFAULT,,,,1610560761160,,0.1,CARRCC,,,,,,,,Unknown,,,,,2021/01/13 17:59:09,,,,,,,,,OSCC,,,,,,RECHE CANYON RD / SMILEY,,WF,FI,33.962361,-117.188292,,,{A1FCC70B-8CDF-4F99-9A24-EC95ADEE6FD8},,0,,,0,,,,1,006807,1610560761160,,,,Riverside,CARRCC,06065,,,,,,,,,,,,SC08,CDF,CARRU,US-CA,,,,,,2021-CARRU-006807,No Decision,cfcad,cfcad,,,,,,{7968BAAE-278E-4C96-A080-12E226C1C494},2021/01/13 17:59:21,2021/01/13 17:59:21
-121.4727,43.64556,200042,,DEFAULT,,,,1610561066930,0.1,0.1,ORCOC,,,,,,,,Human,,,NS4X,,2021/01/13 16:11:00,,,,,,,PD,,NWCC,,,,,,0016 NE,,WF,FI,43.64567,-121.473,,,{0A136FD6-82F6-4095-8B66-8781F6FC26BB},,0,1,1,0,1,0,,1,000016,1610561441250,,,,Deschutes,ORCOC,41017,BLM,ORPRD,,BLM,Federal,,,,,,,NW07,BLM,ORPRD,US-OR,,,,,,2021-ORPRD-000016,No Decision,wildcad,firecode,,,,,,{5ED163EE-E848-4FBD-91CF-1A726DA9D006},2021/01/13 18:10:41,2021/01/13 18:04:26
-118.13039,34.68943,200043,,DEFAULT,,,,1610561216973,,0.1,CALACC,,,,,,,,Unknown,,,,,2021/01/13 17:58:28,,,,,,,,,OSCC,,,,,,LAC-015632,,WF,FI,34.68943,-118.13039,,,{6F3E431E-B00E-49BF-A554-343F37713425},,0,,,0,,,,1,015632,1610561303770,,,,Los Angeles,CALACC,06037,,,,Private,Private,,,,,,,SC15,C&L,CALAC,US-CA,,,,,,2021-CALAC-015632,No Decision,lacocad,wfdss,,,,,,{28A1D40B-D4E8-4838-92F7-EA1FC8754C84},2021/01/13 18:08:23,2021/01/13 18:06:56
-108.4341,33.66316,200045,,DEFAULT,,,,1610561556543,0.1,1,NMSDC,,,,,,,,Unknown,,,,,2021/01/13 17:59:58,,,,,,,,,SWCC,,,,,,Collins Park RX-D6,,RX,FI,33.66316,-108.4341,3000,,{69729829-5FDF-4F75-AB9A-7FAFC332555B},,0,1,0,0,0,0,,1,000021,1610576287200,,,,Catron,NMSDC,35003,FS,NMGNF,,,,,,,,,,SW08,FS,NMGNF,US-NM,,,,,,2021-NMGNF-000021,No Decision,wildcad,wildcad,,,,,,{A43D6C72-6CAB-4184-A1D5-D90C295867C4},2021/01/13 22:18:07,2021/01/13 18:12:36
-116.733129,33.493431,200046,,DEFAULT,,,,1610562243160,,0.1,CARRCC,,,,,,,,Unknown,,,,,2021/01/13 17:53:16,,,,,,,,,OSCC,,,,,,BRADFORD,,WF,FI,33.493431,-116.733129,,,{7150A7A2-E315-44FF-A822-214527174CC5},,0,0,0,0,0,0,,1,006804,1610562243160,,,,Riverside,CARRCC,06065,,,,,,,,,,,,SC11,CDF,CARRU,US-CA,,,,,,2021-CARRU-006804,No Decision,cfcad,cfcad,,,,,,{A75784F4-72A2-492D-9E02-57FEDCC8CA3D},2021/01/13 18:24:03,2021/01/13 18:24:03
-116.733129,33.493431,200047,,DEFAULT,,,,1610562241813,,0.1,CARRCC,,,,,,,,Unknown,,,,,2021/01/13 17:53:16,,,,,,,,,OSCC,,,,,,BRADFORD,,WF,FI,33.493431,-116.733129,,,{4E266EBE-CDF8-461C-A81B-025257D2D0A8},,0,0,0,0,0,0,,1,006804,1610562267910,,,,Riverside,CARRCC,06065,,,,Private,Private,,,,,,,SC11,CDF,CARRU,US-CA,,,,,,2021-CARRU-006804,No Decision,cfcad,wfdss,,,,,,{64F0E7C6-D869-40D0-B30B-07828910A9F0},2021/01/13 18:24:27,2021/01/13 18:24:01
-118.16479,34.037,200055,,DEFAULT,,,,1610571865523,,0.1,CALACC,,,,,,,,Unknown,,,,,2021/01/13 20:53:35,,,,,,,,,OSCC,,,,,,LAC-015830,,WF,FI,34.037,-118.16479,,,{BC961197-536E-44AB-8EB3-80D17DFBAD45},,0,,,0,,,,1,015830,1610571908150,,,,Los Angeles,CALACC,06037,,,,Private,Private,,,,,,,SC08,C&L,CALAC,US-CA,,,,,,2021-CALAC-015830,No Decision,lacocad,wfdss,,,,,,{C16E12C2-9AA4-440D-B528-B7A9D808130A},2021/01/13 21:05:08,2021/01/13 21:04:25
-118.06412,34.70945,200057,,DEFAULT,,,,1610572477580,,0.1,CALACC,,,,,,,,Unknown,,,,,2021/01/13 21:08:00,,,,,,,,,OSCC,,,,,,LAC-015847,,WF,FI,34.70945,-118.06412,,,{FACE0087-694A-48EB-B20C-AEA228CEE913},,0,,,0,,,,1,015847,1610572550303,,,,Los Angeles,CALACC,06037,,,,Private,Private,,,,,,,SC15,C&L,CALAC,US-CA,,,,,,2021-CALAC-015847,No Decision,lacocad,wfdss,,,,,,{D750A4B8-CA28-47DE-B640-5392C71D4650},2021/01/13 21:15:50,2021/01/13 21:14:37
-116.527763,32.594381,200058,,DEFAULT,,,,1610572493703,,0.1,CAMVIC,,,,,,,,Unknown,,,NS5B,,2021/01/13 21:13:14,,,,,,,PN,1522,OSCC,,,,,,BORDER 3,,WF,FI,32.594381,-116.527763,,,{B36106D6-22FD-4AB4-9603-C045EC5FAD62},,0,1,1,0,1,0,,1,000960,1610577499500,,,,San Diego,CAMVIC,06073,,,,Private,Private,,,,,,,SC11,CDF,CAMVU,US-CA,,,,,,2021-CAMVU-000960,No Decision,cfcad,cfcad,,,,,,{4BE908C2-05C8-4C31-BDF5-0B1608361D43},2021/01/13 22:38:19,2021/01/13 21:14:53
-120.57142,35.18453,200059,,DEFAULT,,,,1610572798260,,0.1,CASLCC,,,,,,,,Unknown,,,,,2021/01/13 21:19:47,,,,,,,,,OSCC,,,,,,TIFFANY,,WF,FI,35.18453,-120.57142,,,{6B802DEB-5047-4B9B-A82B-DBD453DB0A20},,0,,,0,,,,1,000607,1610572817090,,,,San Luis Obispo,CASLCC,06079,,,,Private,Private,,,,,,,SC07,CDF,CASLU,US-CA,,,,,,2021-CASLU-000607,No Decision,cfcad,cfcad,,,,,,{1C923DD2-8BE8-433F-9238-46DBABADA277},2021/01/13 21:20:17,2021/01/13 21:19:58
-121.725952,36.572288,200060,,DEFAULT,,,,1610573632937,,0.1,CABECC,,,,,,,,Unknown,,,,,2021/01/13 21:13:33,,,,,,,,,OSCC,,,,,,MESA,,WF,FI,36.572288,-121.725952,,,{88A69FB0-B2B7-4915-AE3A-1473AE8911CE},,0,0,0,0,0,0,,1,000227,1610573687300,,,,Monterey,CABECC,06053,,,,Private,Private,,,,,,,SC07,CDF,CABEU,US-CA,,,,,,2021-CABEU-000227,No Decision,cfcad,wfdss,,,,,,{83B14BF4-072B-4DD8-86B9-0B28AB8BE977},2021/01/13 21:34:47,2021/01/13 21:33:52
-110.4363,33.3738,200061,,DEFAULT,,,,1610574166670,5,5,AZPHC,,,,,,,,Human,,,NS5C,,2021/01/13 20:34:00,,,,,,,PA,1522,SWCC,,,,,,Lake,,WF,FI,33.36674,-110.4471,5,,{7D05B017-457A-4539-8495-7EAA0BA09C21},,0,1,0,0,0,1,,1,000083,1610574259540,,,,Graham,AZPHC,04009,BIA,AZSCA,,BIA,Federal,,,,,,,SW06N,BIA,AZSCA,US-AZ,,,,,,2021-AZSCA-000083,No Decision,wildcad,wildcad,,,,,,{B77DFB1C-3E0B-4093-BA65-97F02D371B45},2021/01/13 21:44:19,2021/01/13 21:42:46
-118.13983,34.59429,200067,,DEFAULT,,,,1610578701197,,0.1,CALACC,,,,,,,,Unknown,,,,,2021/01/13 22:50:51,,,,,,,,,OSCC,,,,,,LAC-015965,,WF,FI,34.59429,-118.13983,,,{8F5C9A52-0975-4C37-A3F4-8EA122268521},,0,,,0,,,,1,015965,1610578767027,,,,Los Angeles,CALACC,06037,,,,Private,Private,,,,,,,SC15,C&L,CALAC,US-CA,,,,,,2021-CALAC-015965,No Decision,lacocad,wfdss,,,,,,{7FA03EDE-7712-492B-8C93-4413E541B022},2021/01/13 22:59:27,2021/01/13 22:58:21
-105.5014,44.95025,200075,,DEFAULT,,,,1610585482900,7,0.2,WYCPC,,,,,,,,Unknown,,,NS5J,,2021/01/14 00:17:00,,,,,,,,,RMCC,,,,,,bowers ute,,WF,FI,44.95025,-105.5014,,,{E30CDE01-B18A-4B9C-ADB7-7564F12400E9},,0,1,0,0,0,0,,1,210009,1610589389493,,,,Campbell,WYCPC,56005,,,,Private,Private,,,,,,,RM05,C&L,WYCMX,US-WY,,,,,,2021-WYCMX-210009,No Decision,wildcad,wildcad,,,,,,{2ACF8602-878A-490F-B3DF-6758E738B005},2021/01/14 01:56:29,2021/01/14 00:51:22
-123.831844,40.250961,200080,,DEFAULT,,,,1610588431033,,0.1,CAFICC,,,,,,,,Unknown,,,,,2021/01/14 01:40:16,,,,,,,,,ONCC,,,,,,HWY 101  / SALMON CREEK R,,WF,FI,40.250961,-123.831844,,,{96C0588A-6936-487A-AF3E-F85A25CE4838},,0,,,0,,,,1,000382,1610588431033,,,,Humboldt,CAFICC,06023,,,,,,,,,,,,NC01,,CAHUU,US-CA,,,,,,2021-CAHUU-000382,No Decision,cfcad,cfcad,,,,,,{685543B0-304F-4553-9501-B96517A8E75C},2021/01/14 01:40:31,2021/01/14 01:40:31
-118.16069,34.67487,200083,,DEFAULT,,,,1610595119680,,0.1,CALACC,,,,,,,,Unknown,,,,,2021/01/14 03:25:32,,,,,,,,,OSCC,,,,,,LAC-016242,,WF,FI,34.67487,-118.16069,,,{25D7A777-BD28-4DE9-BCBE-404C05901CE3},,0,,,0,,,,1,016242,1610595153760,,,,Los Angeles,CALACC,06037,,,,Private,Private,,,,,,,SC15,C&L,CALAC,US-CA,,,,,,2021-CALAC-016242,No Decision,lacocad,wfdss,,,,,,{08875B3A-ED18-489D-A567-9A546AB27C99},2021/01/14 03:32:33,2021/01/14 03:31:59
-121.259667,36.404311,200084,,DEFAULT,,,,1610598870363,,0.1,CABECC,,,,,,,,Unknown,,,,,2021/01/14 04:34:24,,,,,,,,,OSCC,,,,,,METZ RD / BLUEJAY LN,,WF,FI,36.404311,-121.259667,,,{0C0C9D5C-4738-4A3A-B855-75A4B5AECF8D},,0,,,0,,,,1,000232,1610598870363,,,,Monterey,CABECC,06053,,,,,,,,,,,,SC07,CDF,CABEU,US-CA,,,,,,2021-CABEU-000232,No Decision,cfcad,cfcad,,,,,,{7009E0F9-9E87-41BE-803F-D0C6CB91E19B},2021/01/14 04:34:30,2021/01/14 04:34:30
-121.226113,36.36159,200085,,DEFAULT,,,,1610598870363,,0.1,CABECC,,,,,,,,Unknown,,,,,2021/01/14 04:34:24,,,,,,,,,OSCC,,,,,,BLUEJAY,,WF,FI,36.36159,-121.226113,,,{8A4EC056-B83C-475D-94B0-5C3FA821DC6D},,0,,,0,,,,1,000232,1610599075560,,,,Monterey,CABECC,06053,,,,Private,Private,,,,,,,SC07,CDF,CABEU,US-CA,,,,,,2021-CABEU-000232,No Decision,cfcad,cfcad,,,,,,{AF287B1A-781A-44AF-9EA0-BAA728EC6DBA},2021/01/14 04:37:55,2021/01/14 04:34:30
